{"stats":{"minecraft:crafted":{"minecraft:oak_planks":228,"minecraft:cooked_chicken":10,"minecraft:lightning_rod":1,"minecraft:stone":3,"minecraft:cooked_mutton":7,"minecraft:spruce_pressure_plate":2,"minecraft:glass":141,"minecraft:bow":1,"minecraft:iron_boots":2,"minecraft:chest":4,"minecraft:bricks":1,"minecraft:item_frame":1,"minecraft:wooden_shovel":2,"minecraft:cooked_porkchop":15,"minecraft:crafting_table":7,"minecraft:spruce_planks":128,"minecraft:wooden_pickaxe":2,"minecraft:iron_helmet":1,"minecraft:brush":3,"minecraft:spruce_door":3,"minecraft:copper_door":6,"minecraft:cobbled_deepslate_wall":60,"minecraft:copper_ingot":24,"minecraft:birch_planks":24,"minecraft:iron_chestplate":1,"minecraft:diamond_pickaxe":1,"minecraft:shield":2,"minecraft:stick":124,"minecraft:iron_ingot":87,"minecraft:iron_pickaxe":5,"minecraft:stone_sword":2,"minecraft:gold_ingot":23,"minecraft:leather_boots":1,"minecraft:furnace":3,"minecraft:bone_meal":51,"minecraft:iron_axe":1,"minecraft:stone_pickaxe":2,"minecraft:cobblestone_wall":36,"minecraft:spruce_boat":1,"minecraft:cooked_beef":25,"minecraft:spruce_sign":3,"minecraft:iron_sword":2,"minecraft:cooked_salmon":5,"minecraft:bucket":4,"minecraft:stone_axe":4,"minecraft:air":0,"minecraft:iron_leggings":2,"minecraft:white_bed":1,"minecraft:torch":156},"minecraft:used":{"minecraft:jack_o_lantern":1,"minecraft:decorated_pot":2,"minecraft:chest":4,"minecraft:shield":191,"minecraft:iron_sword":433,"minecraft:iron_chestplate":1,"minecraft:waxed_oxidized_chiseled_copper":1,"minecraft:carrot":22,"minecraft:waxed_copper_grate":2,"minecraft:tuff":1,"minecraft:spruce_boat":3,"minecraft:glass":128,"minecraft:waxed_oxidized_copper":1,"minecraft:waxed_oxidized_copper_grate":4,"minecraft:lava_bucket":11,"minecraft:bricks":1,"minecraft:waxed_exposed_copper_bulb":1,"minecraft:item_frame":1,"minecraft:bow":49,"minecraft:sweet_berries":20,"minecraft:furnace":3,"minecraft:egg":6,"minecraft:potato":22,"minecraft:diorite":1,"minecraft:spruce_door":3,"minecraft:copper_door":9,"minecraft:waxed_weathered_copper_bulb":1,"minecraft:stone_pickaxe":91,"minecraft:oak_planks":107,"minecraft:ender_pearl":4,"minecraft:wooden_pickaxe":58,"minecraft:lingering_potion":4,"minecraft:lightning_rod":1,"minecraft:gravel":1,"minecraft:oak_boat":2,"minecraft:stone_sword":105,"minecraft:spruce_planks":30,"minecraft:wooden_shovel":118,"minecraft:cooked_chicken":11,"minecraft:netherrack":254,"minecraft:trial_key":3,"minecraft:torch":333,"minecraft:dirt":84,"minecraft:cobblestone_wall":35,"minecraft:wooden_axe":15,"minecraft:iron_axe":81,"minecraft:iron_boots":2,"minecraft:golden_carrot":2,"minecraft:waxed_cut_copper_slab":1,"minecraft:beef":7,"minecraft:cooked_beef":2,"minecraft:cobbled_deepslate":9,"minecraft:iron_leggings":1,"minecraft:cobbled_deepslate_wall":67,"minecraft:wheat_seeds":24,"minecraft:cooked_mutton":7,"minecraft:water_bucket":98,"minecraft:birch_planks":1,"minecraft:waxed_oxidized_cut_copper":1,"minecraft:spruce_sign":3,"minecraft:leather_boots":1,"minecraft:waxed_copper_block":1,"minecraft:mossy_cobblestone":1,"minecraft:crafting_table":14,"minecraft:white_bed":1,"minecraft:diamond_pickaxe":3,"minecraft:apple":2,"minecraft:iron_pickaxe":539,"minecraft:spruce_pressure_plate":3,"minecraft:spruce_sapling":1,"minecraft:stone_axe":106,"minecraft:cobblestone":64,"minecraft:porkchop":8,"minecraft:cooked_porkchop":10,"minecraft:bucket":111,"minecraft:brush":5,"minecraft:stripped_oak_log":34,"minecraft:splash_potion":2},"minecraft:custom":{"minecraft:interact_with_crafting_table":92,"minecraft:open_barrel":1,"minecraft:bell_ring":6,"minecraft:leave_game":13,"minecraft:time_since_death":1906,"minecraft:sprint_one_cm":631351,"minecraft:damage_blocked_by_shield":4449,"minecraft:drop":128,"minecraft:talked_to_villager":31,"minecraft:play_time":338984,"minecraft:deaths":81,"minecraft:jump":4648,"minecraft:walk_on_water_one_cm":59518,"minecraft:enchant_item":4,"minecraft:interact_with_furnace":127,"minecraft:play_record":6,"minecraft:sleep_in_bed":11,"minecraft:damage_dealt":23540,"minecraft:player_kills":8,"minecraft:crouch_one_cm":80159,"minecraft:inspect_dispenser":7,"minecraft:interact_with_smithing_table":2,"minecraft:interact_with_anvil":6,"minecraft:mob_kills":134,"minecraft:climb_one_cm":4011,"minecraft:walk_one_cm":1214773,"minecraft:sneak_time":24170,"minecraft:walk_under_water_one_cm":26689,"minecraft:boat_one_cm":173730,"minecraft:interact_with_blast_furnace":1,"minecraft:total_world_time":338984,"minecraft:interact_with_stonecutter":1,"minecraft:time_since_rest":1930,"minecraft:damage_taken":22338,"minecraft:swim_one_cm":9778,"minecraft:fly_one_cm":621415,"minecraft:open_chest":154,"minecraft:fall_one_cm":145904},"minecraft:broken":{"minecraft:wooden_shovel":2,"minecraft:iron_boots":1,"minecraft:iron_chestplate":1,"minecraft:iron_leggings":1,"minecraft:iron_sword":1,"minecraft:wooden_axe":1,"minecraft:shield":1,"minecraft:iron_pickaxe":1,"minecraft:iron_helmet":2},"minecraft:dropped":{"minecraft:glow_ink_sac":2,"minecraft:glass_bottle":1,"minecraft:cooked_porkchop":1,"minecraft:decorated_pot":1,"minecraft:music_disc_creator_music_box":2,"minecraft:music_disc_11":18,"minecraft:brush":1,"minecraft:iron_pickaxe":3,"minecraft:fishing_rod":1,"minecraft:waxed_cut_copper_slab":1,"minecraft:stone_axe":1,"minecraft:chiseled_tuff_bricks":1,"minecraft:cobbled_deepslate":3,"minecraft:rotten_flesh":16,"minecraft:lingering_potion":1,"minecraft:leather_leggings":2,"minecraft:chiseled_tuff":1,"minecraft:water_bucket":2,"minecraft:bread":3,"minecraft:wheat_seeds":5,"minecraft:cobblestone":30,"minecraft:copper_ingot":1,"minecraft:stick":2,"minecraft:torch":26,"minecraft:waxed_copper_bulb":6,"minecraft:pink_petals":34,"minecraft:bucket":1,"minecraft:redstone":27,"minecraft:bamboo_planks":5,"minecraft:tuff_bricks":4,"minecraft:sweet_berries":11,"minecraft:tuff":4,"minecraft:spruce_boat":1,"minecraft:shield":3,"minecraft:flower_pot":1,"minecraft:iron_chestplate":1,"minecraft:andesite":14,"minecraft:wooden_pickaxe":1},"minecraft:killed_by":{"minecraft:creeper":1,"minecraft:silverfish":2,"minecraft:witch":1,"minecraft:zombie":5,"minecraft:illusioner":1,"minecraft:player":40,"minecraft:iron_golem":1,"minecraft:warden":7,"minecraft:skeleton":8},"minecraft:killed":{"minecraft:spider":1,"minecraft:skeleton":35,"minecraft:chicken":12,"minecraft:silverfish":11,"minecraft:illusioner":1,"minecraft:pig":11,"minecraft:creeper":1,"minecraft:sheep":9,"minecraft:goat":4,"minecraft:zombie":19,"minecraft:ghast":1,"minecraft:cow":19,"minecraft:endermite":1,"minecraft:drowned":3,"minecraft:breeze":2},"minecraft:picked_up":{"minecraft:wooden_axe":1,"minecraft:iron_chestplate":4,"minecraft:wheat":28,"minecraft:flower_pot":2,"minecraft:lead":1,"minecraft:enchanted_book":4,"minecraft:music_disc_cat":1,"minecraft:waxed_cut_copper_slab":2,"minecraft:raw_copper":148,"minecraft:iron_leggings":1,"minecraft:beetroot":1,"minecraft:diamond_leggings":1,"minecraft:cobbled_deepslate":139,"minecraft:bucket":1,"minecraft:spruce_planks":195,"minecraft:trial_key":3,"minecraft:iron_pickaxe":3,"minecraft:furnace":2,"minecraft:tipped_arrow":8,"minecraft:spruce_pressure_plate":1,"minecraft:stick":15,"minecraft:torch":160,"minecraft:porkchop":31,"minecraft:waxed_weathered_copper_bulb":1,"minecraft:waxed_copper_grate":2,"minecraft:diorite":1,"minecraft:copper_door":3,"minecraft:stone_sword":5,"minecraft:rotten_flesh":41,"minecraft:iron_block":1,"minecraft:cobblestone":408,"minecraft:birch_log":6,"minecraft:pink_petals":66,"minecraft:feather":25,"minecraft:water_bucket":1,"minecraft:andesite":17,"minecraft:potato":36,"minecraft:tuff":5,"minecraft:lapis_lazuli":39,"minecraft:dirt":57,"minecraft:lantern":1,"minecraft:bone":53,"minecraft:bow":5,"minecraft:cobbled_deepslate_wall":7,"minecraft:wheat_seeds":87,"minecraft:raw_gold":23,"minecraft:diamond_helmet":1,"minecraft:scrape_pottery_sherd":1,"minecraft:oak_planks":285,"minecraft:sand":133,"minecraft:mossy_cobblestone":1,"minecraft:diamond":8,"minecraft:spruce_boat":3,"minecraft:waxed_oxidized_copper_grate":4,"minecraft:golden_apple":1,"minecraft:emerald":23,"minecraft:music_disc_precipice":2,"minecraft:jack_o_lantern":1,"minecraft:oak_sapling":4,"minecraft:netherrack":313,"minecraft:fishing_rod":1,"minecraft:lingering_potion":1,"minecraft:waxed_oxidized_cut_copper":1,"minecraft:charcoal":2,"minecraft:crafting_table":13,"minecraft:chicken":21,"minecraft:leather_leggings":2,"minecraft:wooden_pickaxe":6,"minecraft:chain":46,"minecraft:shield":3,"minecraft:brick":91,"minecraft:wind_charge":3,"minecraft:cornflower":12,"minecraft:blackstone":5,"minecraft:beef":48,"minecraft:oak_boat":2,"minecraft:chiseled_tuff":1,"minecraft:guster_pottery_sherd":3,"minecraft:sugar_cane":7,"minecraft:waxed_oxidized_copper":4,"minecraft:egg":7,"minecraft:raw_iron":74,"minecraft:flow_pottery_sherd":1,"minecraft:music_disc_11":3,"minecraft:carrot":43,"minecraft:redstone":49,"minecraft:music_disc_creator_music_box":4,"minecraft:waxed_oxidized_chiseled_copper":1,"minecraft:arrow":87,"minecraft:diamond_chestplate":1,"minecraft:decorated_pot":3,"minecraft:beetroot_seeds":2,"minecraft:diamond_boots":1,"minecraft:tuff_bricks":25,"minecraft:mutton":18,"minecraft:white_wool":19,"minecraft:bone_block":4,"minecraft:stripped_oak_log":34,"minecraft:golden_carrot":2,"minecraft:glow_ink_sac":2,"minecraft:leather":16,"minecraft:waxed_copper_bulb":7,"minecraft:oak_log":38,"minecraft:waxed_copper_block":4,"minecraft:gunpowder":3,"minecraft:golden_boots":1,"minecraft:cobblestone_wall":11,"minecraft:apple":3,"minecraft:iron_ingot":42,"minecraft:stone_pickaxe":5,"minecraft:cooked_chicken":1,"minecraft:glass_bottle":1,"minecraft:emerald_block":1,"minecraft:bamboo_planks":5,"minecraft:pumpkin":14,"minecraft:sweet_berries":71,"minecraft:brush":1,"minecraft:waxed_exposed_copper_bulb":1,"minecraft:gravel":1,"minecraft:spruce_sapling":2,"minecraft:spruce_log":32,"minecraft:stone_axe":4,"minecraft:iron_helmet":2,"minecraft:baked_potato":1,"minecraft:chiseled_tuff_bricks":1,"minecraft:coal":237},"minecraft:mined":{"minecraft:waxed_cut_copper_slab":1,"minecraft:spruce_planks":2,"minecraft:sculk_vein":2,"minecraft:grass_block":10,"minecraft:chiseled_tuff_bricks":1,"minecraft:tuff_bricks":23,"minecraft:tall_seagrass":2,"minecraft:sculk_catalyst":7,"minecraft:iron_ore":47,"minecraft:cobbled_deepslate":3,"minecraft:fire":17,"minecraft:polished_tuff":1,"minecraft:pumpkin":8,"minecraft:deepslate_lapis_ore":9,"minecraft:sculk_shrieker":2,"minecraft:spruce_pressure_plate":1,"minecraft:deepslate_redstone_ore":11,"minecraft:powder_snow":24,"minecraft:torch":8,"minecraft:glass":1,"minecraft:cobblestone":2,"minecraft:sugar_cane":3,"minecraft:oak_planks":6,"minecraft:waxed_chiseled_copper":1,"minecraft:wall_torch":11,"minecraft:pink_petals":12,"minecraft:chain":48,"minecraft:waxed_copper_bulb":3,"minecraft:birch_log":6,"minecraft:wheat":28,"minecraft:waxed_copper_block":4,"minecraft:oak_log":38,"minecraft:beetroots":1,"minecraft:waxed_oxidized_copper":4,"minecraft:sand":134,"minecraft:dirt":11,"minecraft:netherrack":10,"minecraft:oak_leaves":3,"minecraft:deepslate":119,"minecraft:tuff":3,"minecraft:mossy_cobblestone":1,"minecraft:deepslate_diamond_ore":7,"minecraft:jack_o_lantern":1,"minecraft:waxed_oxidized_chiseled_copper":1,"minecraft:decorated_pot":19,"minecraft:spruce_leaves":11,"minecraft:large_fern":7,"minecraft:waxed_oxidized_cut_copper":1,"minecraft:spruce_sapling":1,"minecraft:carrots":13,"minecraft:waxed_copper_grate":4,"minecraft:andesite":2,"minecraft:chiseled_tuff":1,"minecraft:potatoes":9,"minecraft:deepslate_iron_ore":29,"minecraft:stripped_oak_log":34,"minecraft:packed_ice":30,"minecraft:waxed_weathered_copper_bulb":1,"minecraft:stone":146,"minecraft:bone_block":4,"minecraft:white_wool":5,"minecraft:waxed_exposed_copper_bulb":1,"minecraft:copper_door":3,"minecraft:crafting_table":11,"minecraft:cobbled_deepslate_wall":7,"minecraft:short_grass":21,"minecraft:sculk_sensor":13,"minecraft:campfire":1,"minecraft:tall_grass":9,"minecraft:copper_ore":17,"minecraft:deepslate_gold_ore":23,"minecraft:lapis_ore":2,"minecraft:sculk":186,"minecraft:diorite":1,"minecraft:cobblestone_wall":11,"minecraft:waxed_oxidized_copper_grate":2,"minecraft:sweet_berry_bush":20,"minecraft:ice":11,"minecraft:spruce_log":33,"minecraft:coal_ore":57,"minecraft:flower_pot":1,"minecraft:gravel":1,"minecraft:fern":1}},"DataVersion":3955}