{"stats":{"minecraft:killed_by":{"minecraft:player":8,"minecraft:creeper":1,"minecraft:skeleton":1,"minecraft:zombie":2},"minecraft:killed":{"minecraft:spider":1,"minecraft:skeleton":11,"minecraft:silverfish":10,"minecraft:pig":6,"minecraft:sheep":2,"minecraft:zombie":23},"minecraft:custom":{"minecraft:mob_kills":54,"minecraft:inspect_hopper":9,"minecraft:interact_with_crafting_table":58,"minecraft:open_barrel":6,"minecraft:leave_game":3,"minecraft:time_since_death":614,"minecraft:climb_one_cm":6090,"minecraft:sprint_one_cm":749462,"minecraft:walk_one_cm":606622,"minecraft:damage_blocked_by_shield":5249,"minecraft:drop":169,"minecraft:play_time":212519,"minecraft:deaths":20,"minecraft:sneak_time":16604,"minecraft:walk_under_water_one_cm":11378,"minecraft:boat_one_cm":103553,"minecraft:jump":2651,"minecraft:walk_on_water_one_cm":25195,"minecraft:total_world_time":212519,"minecraft:interact_with_furnace":120,"minecraft:sleep_in_bed":9,"minecraft:time_since_rest":649,"minecraft:damage_absorbed":40,"minecraft:damage_taken":8807,"minecraft:damage_dealt":8822,"minecraft:swim_one_cm":4656,"minecraft:fly_one_cm":462817,"minecraft:player_kills":4,"minecraft:open_chest":52,"minecraft:crouch_one_cm":53329,"minecraft:fall_one_cm":91442,"minecraft:inspect_dispenser":8},"minecraft:picked_up":{"minecraft:crafting_table":4,"minecraft:ominous_bottle":1,"minecraft:splash_potion":3,"minecraft:chest_minecart":1,"minecraft:potion":1,"minecraft:enchanted_book":1,"minecraft:chain":1,"minecraft:brick":15,"minecraft:shield":5,"minecraft:wind_charge":10,"minecraft:oak_trapdoor":3,"minecraft:string":36,"minecraft:waxed_cut_copper_slab":1,"minecraft:flint_and_steel":1,"minecraft:blackstone":5,"minecraft:smooth_stone":7,"minecraft:deepslate_tiles":2,"minecraft:gold_nugget":124,"minecraft:cobbled_deepslate":7,"minecraft:spruce_planks":9,"minecraft:trial_key":13,"minecraft:oak_boat":2,"minecraft:poppy":1,"minecraft:iron_pickaxe":2,"minecraft:lectern":3,"minecraft:chest":1,"minecraft:egg":2,"minecraft:cherry_trapdoor":5,"minecraft:iron_boots":1,"minecraft:furnace":3,"minecraft:tipped_arrow":7,"minecraft:stick":29,"minecraft:raw_iron":55,"minecraft:copper_ingot":1,"minecraft:torch":351,"minecraft:porkchop":15,"minecraft:waxed_copper_grate":1,"minecraft:diorite":3,"minecraft:carrot":40,"minecraft:honey_bottle":8,"minecraft:rotten_flesh":42,"minecraft:arrow":49,"minecraft:stone_sword":2,"minecraft:decorated_pot":3,"minecraft:shears":1,"minecraft:hay_block":5,"minecraft:tuff_bricks":2,"minecraft:mutton":2,"minecraft:cobblestone":66,"minecraft:white_wool":3,"minecraft:stripped_oak_log":8,"minecraft:birch_log":1,"minecraft:pink_petals":64,"minecraft:magma_block":2,"minecraft:glow_ink_sac":3,"minecraft:water_bucket":2,"minecraft:andesite":18,"minecraft:oak_log":32,"minecraft:waxed_copper_block":2,"minecraft:dirt":137,"minecraft:glass":2,"minecraft:bone":41,"minecraft:apple":1,"minecraft:bow":6,"minecraft:wheat_seeds":20,"minecraft:raw_gold":2,"minecraft:iron_ingot":25,"minecraft:stone_pickaxe":2,"minecraft:glass_bottle":1,"minecraft:scrape_pottery_sherd":2,"minecraft:oak_planks":46,"minecraft:cooked_porkchop":1,"minecraft:emerald_block":1,"minecraft:bamboo_planks":5,"minecraft:sweet_berries":2,"minecraft:brush":1,"minecraft:dandelion":2,"minecraft:sand":24,"minecraft:grass_block":1,"minecraft:polished_tuff":3,"minecraft:spider_eye":1,"minecraft:purple_bed":1,"minecraft:diamond":9,"minecraft:stone_axe":5,"minecraft:lever":2,"minecraft:breeze_rod":1,"minecraft:golden_apple":1,"minecraft:music_disc_precipice":1,"minecraft:bread":3,"minecraft:oak_sapling":9,"minecraft:netherrack":389,"minecraft:coal":63},"minecraft:used":{"minecraft:oak_trapdoor":2,"minecraft:stone_sword":32,"minecraft:flint_and_steel":5,"minecraft:decorated_pot":3,"minecraft:chest":5,"minecraft:shield":93,"minecraft:cooked_chicken":8,"minecraft:trial_key":6,"minecraft:netherrack":85,"minecraft:torch":168,"minecraft:dirt":13,"minecraft:hopper":4,"minecraft:carrot":40,"minecraft:glass":14,"minecraft:grass_block":1,"minecraft:tripwire_hook":2,"minecraft:sweet_berries":2,"minecraft:furnace":4,"minecraft:cooked_beef":2,"minecraft:cooked_mutton":2,"minecraft:water_bucket":11,"minecraft:oak_planks":19,"minecraft:stone_pickaxe":9,"minecraft:golden_apple":1,"minecraft:crafting_table":6,"minecraft:apple":1,"minecraft:string":28,"minecraft:bread":49,"minecraft:iron_pickaxe":615,"minecraft:oak_button":1,"minecraft:stone_axe":44,"minecraft:diamond_sword":200,"minecraft:cobblestone":39,"minecraft:porkchop":5,"minecraft:cooked_porkchop":11,"minecraft:birch_log":1,"minecraft:bucket":10,"minecraft:oak_boat":3,"minecraft:splash_potion":1},"minecraft:broken":{"minecraft:iron_boots":1,"minecraft:iron_chestplate":1,"minecraft:iron_leggings":1,"minecraft:stone_pickaxe":1,"minecraft:shield":1,"minecraft:iron_pickaxe":2,"minecraft:iron_helmet":1},"minecraft:mined":{"minecraft:nether_gold_ore":32,"minecraft:deepslate_diamond_ore":9,"minecraft:grass_block":16,"minecraft:decorated_pot":11,"minecraft:tuff_bricks":6,"minecraft:hay_block":5,"minecraft:magma_block":2,"minecraft:furnace":3,"minecraft:carrots":14,"minecraft:iron_ore":34,"minecraft:fire":4,"minecraft:andesite":2,"minecraft:chiseled_tuff":1,"minecraft:deepslate_iron_ore":21,"minecraft:dirt_path":4,"minecraft:stripped_oak_log":8,"minecraft:stone":12,"minecraft:tripwire":1,"minecraft:blackstone":6,"minecraft:soul_sand":1,"minecraft:crafting_table":3,"minecraft:torch":11,"minecraft:short_grass":9,"minecraft:chest":1,"minecraft:cobblestone":3,"minecraft:deepslate_gold_ore":2,"minecraft:sculk":1,"minecraft:seagrass":1,"minecraft:birch_log":1,"minecraft:waxed_copper_block":1,"minecraft:oak_log":32,"minecraft:coal_ore":63,"minecraft:sand":24,"minecraft:dirt":4,"minecraft:netherrack":416,"minecraft:oak_leaves":1,"minecraft:deepslate":10},"minecraft:dropped":{"minecraft:water_bucket":1,"minecraft:golden_boots":1,"minecraft:iron_ingot":40,"minecraft:wheat_seeds":20,"minecraft:glow_ink_sac":3,"minecraft:glass_bottle":1,"minecraft:crafting_table":1,"minecraft:cobblestone":82,"minecraft:waxed_copper_grate":1,"minecraft:polished_tuff":3,"minecraft:chest_minecart":1,"minecraft:copper_ingot":1,"minecraft:coal":10,"minecraft:stick":24,"minecraft:dirt":124,"minecraft:brush":1,"minecraft:diorite":3,"minecraft:torch":193,"minecraft:scrape_pottery_sherd":2,"minecraft:music_disc_precipice":1,"minecraft:chain":1,"minecraft:iron_pickaxe":2,"minecraft:smooth_stone":7,"minecraft:string":7,"minecraft:pink_petals":61,"minecraft:bucket":2,"minecraft:white_wool":67,"minecraft:waxed_cut_copper_slab":1,"minecraft:bamboo_planks":5,"minecraft:bone":39,"minecraft:stone_axe":5,"minecraft:emerald_block":1,"minecraft:tuff_bricks":2,"minecraft:blackstone":5,"minecraft:lever":2,"minecraft:oak_trapdoor":2,"minecraft:stone_sword":3,"minecraft:cobbled_deepslate":7,"minecraft:raw_iron":7,"minecraft:rotten_flesh":42,"minecraft:oak_planks":16,"minecraft:iron_boots":1,"minecraft:honey_bottle":8,"minecraft:waxed_copper_block":2,"minecraft:shears":2,"minecraft:flint_and_steel":1,"minecraft:poppy":1,"minecraft:potato":1,"minecraft:tipped_arrow":7,"minecraft:deepslate_tiles":2,"minecraft:shield":3,"minecraft:trial_key":2,"minecraft:spruce_planks":9,"minecraft:andesite":18,"minecraft:purple_bed":1,"minecraft:oak_sapling":9,"minecraft:spider_eye":1,"minecraft:bow":5,"minecraft:arrow":16,"minecraft:glass":6,"minecraft:stone_pickaxe":2,"minecraft:magma_block":2,"minecraft:splash_potion":3,"minecraft:netherrack":303,"minecraft:brick":15,"minecraft:lectern":3,"minecraft:egg":2},"minecraft:crafted":{"minecraft:oak_planks":416,"minecraft:tripwire_hook":2,"minecraft:cooked_chicken":8,"minecraft:furnace":1,"minecraft:cooked_mutton":2,"minecraft:oak_trapdoor":4,"minecraft:glass":18,"minecraft:hopper":4,"minecraft:iron_boots":1,"minecraft:stone_pickaxe":1,"minecraft:diamond_boots":1,"minecraft:chest":8,"minecraft:oak_button":1,"minecraft:golden_boots":1,"minecraft:wheat":45,"minecraft:cooked_beef":2,"minecraft:diamond_sword":1,"minecraft:cooked_porkchop":10,"minecraft:crafting_table":3,"minecraft:iron_helmet":2,"minecraft:bucket":1,"minecraft:bread":15,"minecraft:air":0,"minecraft:oak_boat":1,"minecraft:white_wool":144,"minecraft:iron_chestplate":2,"minecraft:golden_apple":1,"minecraft:gold_nugget":18,"minecraft:shield":1,"minecraft:stick":40,"minecraft:iron_ingot":95,"minecraft:iron_pickaxe":3,"minecraft:stone_sword":1,"minecraft:iron_leggings":2,"minecraft:gold_ingot":20,"minecraft:white_bed":15,"minecraft:torch":136,"minecraft:shears":1}},"DataVersion":3955}