{"stats":{"minecraft:crafted":{"minecraft:oak_planks":432,"minecraft:oak_sign":6,"minecraft:cooked_chicken":8,"minecraft:bookshelf":2,"minecraft:cooked_mutton":2,"minecraft:glass":18,"minecraft:hopper":4,"minecraft:iron_boots":1,"minecraft:chest":10,"minecraft:oak_button":1,"minecraft:golden_boots":1,"minecraft:emerald":9,"minecraft:cooked_porkchop":17,"minecraft:crafting_table":3,"minecraft:iron_helmet":2,"minecraft:iron_chestplate":2,"minecraft:diamond_pickaxe":1,"minecraft:shield":1,"minecraft:stick":44,"minecraft:iron_ingot":95,"minecraft:iron_pickaxe":3,"minecraft:stone_sword":1,"minecraft:gold_ingot":20,"minecraft:shears":1,"minecraft:tripwire_hook":2,"minecraft:furnace":1,"minecraft:oak_trapdoor":4,"minecraft:stone_pickaxe":1,"minecraft:diamond_boots":1,"minecraft:netherite_scrap":3,"minecraft:wheat":45,"minecraft:cooked_beef":2,"minecraft:diamond_sword":1,"minecraft:bucket":1,"minecraft:enchanted_book":1,"minecraft:bread":15,"minecraft:air":0,"minecraft:oak_boat":1,"minecraft:white_wool":144,"minecraft:golden_apple":1,"minecraft:gold_nugget":18,"minecraft:iron_leggings":2,"minecraft:white_bed":15,"minecraft:torch":136},"minecraft:used":{"minecraft:oak_sign":4,"minecraft:decorated_pot":4,"minecraft:chest":7,"minecraft:shield":106,"minecraft:mutton":27,"minecraft:carrot":50,"minecraft:glass":14,"minecraft:grass_block":1,"minecraft:bow":39,"minecraft:sweet_berries":2,"minecraft:furnace":7,"minecraft:stone_pickaxe":9,"minecraft:oak_planks":19,"minecraft:ender_pearl":13,"minecraft:golden_apple":8,"minecraft:bread":49,"minecraft:string":28,"minecraft:diamond_sword":335,"minecraft:birch_log":1,"minecraft:oak_boat":3,"minecraft:oak_trapdoor":5,"minecraft:trident":2,"minecraft:stone_sword":32,"minecraft:flint_and_steel":5,"minecraft:netherrack":99,"minecraft:cooked_chicken":8,"minecraft:trial_key":6,"minecraft:torch":205,"minecraft:dirt":14,"minecraft:hopper":4,"minecraft:bookshelf":2,"minecraft:cherry_trapdoor":3,"minecraft:tripwire_hook":2,"minecraft:wolf_spawn_egg":1,"minecraft:cooked_beef":8,"minecraft:cooked_mutton":2,"minecraft:water_bucket":52,"minecraft:baked_potato":21,"minecraft:crafting_table":6,"minecraft:white_bed":9,"minecraft:diamond_pickaxe":301,"minecraft:apple":1,"minecraft:oak_button":1,"minecraft:iron_pickaxe":627,"minecraft:stone_axe":44,"minecraft:cobblestone":132,"minecraft:cooked_porkchop":18,"minecraft:porkchop":5,"minecraft:bucket":47,"minecraft:splash_potion":2},"minecraft:custom":{"minecraft:interact_with_crafting_table":63,"minecraft:open_barrel":7,"minecraft:leave_game":5,"minecraft:time_since_death":423,"minecraft:sprint_one_cm":1084755,"minecraft:damage_blocked_by_shield":6329,"minecraft:drop":246,"minecraft:talked_to_villager":34,"minecraft:play_time":363099,"minecraft:deaths":25,"minecraft:jump":4018,"minecraft:walk_on_water_one_cm":49163,"minecraft:interact_with_furnace":145,"minecraft:traded_with_villager":4,"minecraft:interact_with_loom":3,"minecraft:sleep_in_bed":9,"minecraft:damage_dealt":13283,"minecraft:player_kills":5,"minecraft:crouch_one_cm":75870,"minecraft:inspect_dispenser":8,"minecraft:interact_with_smithing_table":8,"minecraft:mob_kills":88,"minecraft:interact_with_anvil":24,"minecraft:inspect_hopper":9,"minecraft:climb_one_cm":8453,"minecraft:walk_one_cm":988882,"minecraft:sneak_time":25062,"minecraft:walk_under_water_one_cm":43744,"minecraft:boat_one_cm":103553,"minecraft:total_world_time":363099,"minecraft:time_since_rest":564,"minecraft:damage_taken":13061,"minecraft:damage_absorbed":323,"minecraft:swim_one_cm":11985,"minecraft:fly_one_cm":724767,"minecraft:open_chest":111,"minecraft:fall_one_cm":131813},"minecraft:broken":{"minecraft:iron_boots":1,"minecraft:iron_chestplate":1,"minecraft:iron_leggings":1,"minecraft:stone_pickaxe":1,"minecraft:shield":1,"minecraft:iron_pickaxe":2,"minecraft:iron_helmet":1},"minecraft:dropped":{"minecraft:birch_planks":2,"minecraft:glow_ink_sac":3,"minecraft:glass_bottle":1,"minecraft:crafting_table":1,"minecraft:chest_minecart":1,"minecraft:cracked_stone_bricks":2,"minecraft:music_disc_creator_music_box":3,"minecraft:dirt":124,"minecraft:brush":1,"minecraft:scrape_pottery_sherd":2,"minecraft:music_disc_precipice":1,"minecraft:chain":1,"minecraft:sand":1,"minecraft:iron_pickaxe":3,"minecraft:white_wool":67,"minecraft:bone":39,"minecraft:waxed_cut_copper_slab":1,"minecraft:gravel":10,"minecraft:stone_axe":5,"minecraft:emerald_block":1,"minecraft:blackstone":11,"minecraft:lever":2,"minecraft:cobbled_deepslate":35,"minecraft:rotten_flesh":58,"minecraft:oak_planks":18,"minecraft:glowstone_dust":62,"minecraft:honey_bottle":8,"minecraft:white_bed":1,"minecraft:waxed_copper_block":2,"minecraft:poppy":1,"minecraft:tipped_arrow":7,"minecraft:deepslate_tiles":2,"minecraft:arrow":16,"minecraft:glass":6,"minecraft:splash_potion":3,"minecraft:netherrack":547,"minecraft:lectern":3,"minecraft:egg":2,"minecraft:iron_ingot":42,"minecraft:golden_boots":1,"minecraft:water_bucket":1,"minecraft:wheat_seeds":20,"minecraft:iron_helmet":2,"minecraft:feather":2,"minecraft:cobblestone":84,"minecraft:waxed_copper_grate":1,"minecraft:polished_tuff":3,"minecraft:granite":3,"minecraft:copper_ingot":1,"minecraft:coal":266,"minecraft:stick":28,"minecraft:diorite":11,"minecraft:torch":321,"minecraft:cherry_planks":1,"minecraft:iron_door":1,"minecraft:iron_leggings":2,"minecraft:smooth_stone":7,"minecraft:string":7,"minecraft:pink_petals":65,"minecraft:bucket":2,"minecraft:bamboo_planks":5,"minecraft:tuff_bricks":2,"minecraft:oak_trapdoor":2,"minecraft:stone_sword":3,"minecraft:tuff":1,"minecraft:raw_iron":8,"minecraft:clay_ball":4,"minecraft:iron_boots":1,"minecraft:ender_eye":236,"minecraft:oak_sign":2,"minecraft:shears":2,"minecraft:flint_and_steel":1,"minecraft:potato":5,"minecraft:shield":3,"minecraft:trial_key":2,"minecraft:spruce_planks":9,"minecraft:iron_chestplate":2,"minecraft:andesite":28,"minecraft:mossy_stone_bricks":3,"minecraft:purple_bed":1,"minecraft:oak_sapling":9,"minecraft:stone_bricks":12,"minecraft:spider_eye":1,"minecraft:diamond_boots":1,"minecraft:bow":5,"minecraft:stone_pickaxe":2,"minecraft:magma_block":2,"minecraft:brick":15},"minecraft:killed_by":{"minecraft:creeper":1,"minecraft:zombie":2,"minecraft:player":10,"minecraft:skeleton":1,"minecraft:wither":1},"minecraft:killed":{"minecraft:spider":1,"minecraft:skeleton":11,"minecraft:silverfish":23,"minecraft:pig":6,"minecraft:sheep":2,"minecraft:zombie":44},"minecraft:picked_up":{"minecraft:iron_chestplate":1,"minecraft:lead":4,"minecraft:potion":2,"minecraft:enchanted_book":1,"minecraft:string":36,"minecraft:waxed_cut_copper_slab":1,"minecraft:iron_leggings":1,"minecraft:deepslate_tiles":2,"minecraft:diamond_leggings":1,"minecraft:cobbled_deepslate":35,"minecraft:gold_nugget":124,"minecraft:smooth_stone":7,"minecraft:bucket":1,"minecraft:spruce_planks":9,"minecraft:trial_key":13,"minecraft:iron_pickaxe":2,"minecraft:iron_boots":1,"minecraft:furnace":3,"minecraft:tipped_arrow":7,"minecraft:stick":31,"minecraft:torch":484,"minecraft:porkchop":15,"minecraft:waxed_copper_grate":1,"minecraft:diorite":11,"minecraft:stone_sword":2,"minecraft:rotten_flesh":58,"minecraft:honey_bottle":8,"minecraft:cobblestone":177,"minecraft:birch_log":1,"minecraft:pink_petals":75,"minecraft:magma_block":2,"minecraft:feather":2,"minecraft:cooked_beef":6,"minecraft:iron_door":1,"minecraft:cherry_planks":1,"minecraft:water_bucket":2,"minecraft:andesite":28,"minecraft:potato":4,"minecraft:tuff":1,"minecraft:silence_armor_trim_smithing_template":8,"minecraft:dirt":142,"minecraft:glass":2,"minecraft:bone":41,"minecraft:bow":6,"minecraft:wheat_seeds":20,"minecraft:raw_gold":2,"minecraft:mossy_stone_bricks":3,"minecraft:diamond_helmet":1,"minecraft:glowstone_dust":62,"minecraft:scrape_pottery_sherd":2,"minecraft:oak_planks":46,"minecraft:cooked_porkchop":1,"minecraft:sand":25,"minecraft:grass_block":1,"minecraft:diamond":12,"minecraft:lever":2,"minecraft:granite":3,"minecraft:breeze_rod":1,"minecraft:golden_apple":1,"minecraft:music_disc_precipice":1,"minecraft:emerald":37,"minecraft:bread":3,"minecraft:oak_sapling":9,"minecraft:netherrack":646,"minecraft:nether_star":1,"minecraft:crafting_table":4,"minecraft:ominous_bottle":1,"minecraft:splash_potion":3,"minecraft:clay_ball":4,"minecraft:chest_minecart":1,"minecraft:chain":1,"minecraft:brick":15,"minecraft:shield":5,"minecraft:wind_charge":10,"minecraft:oak_trapdoor":3,"minecraft:flint_and_steel":1,"minecraft:blackstone":11,"minecraft:cracked_stone_bricks":2,"minecraft:oak_boat":2,"minecraft:poppy":1,"minecraft:lectern":3,"minecraft:chest":1,"minecraft:cherry_trapdoor":6,"minecraft:egg":2,"minecraft:raw_iron":56,"minecraft:copper_ingot":1,"minecraft:carrot":40,"minecraft:music_disc_creator_music_box":3,"minecraft:arrow":49,"minecraft:diamond_chestplate":1,"minecraft:decorated_pot":3,"minecraft:hay_block":5,"minecraft:shears":1,"minecraft:diamond_boots":1,"minecraft:tuff_bricks":2,"minecraft:mutton":2,"minecraft:white_wool":3,"minecraft:stripped_oak_log":8,"minecraft:glow_ink_sac":3,"minecraft:oak_log":36,"minecraft:waxed_copper_block":2,"minecraft:ancient_debris":3,"minecraft:apple":1,"minecraft:stone_bricks":12,"minecraft:iron_ingot":27,"minecraft:stone_pickaxe":2,"minecraft:glass_bottle":1,"minecraft:book":12,"minecraft:emerald_block":1,"minecraft:bamboo_planks":5,"minecraft:sweet_berries":2,"minecraft:brush":1,"minecraft:dandelion":3,"minecraft:gravel":10,"minecraft:polished_tuff":3,"minecraft:spider_eye":1,"minecraft:purple_bed":1,"minecraft:stone_axe":5,"minecraft:iron_helmet":1,"minecraft:baked_potato":20,"minecraft:coal":325},"minecraft:mined":{"minecraft:cherry_trapdoor":1,"minecraft:grass_block":17,"minecraft:tuff_bricks":6,"minecraft:magma_block":2,"minecraft:iron_ore":34,"minecraft:fire":43,"minecraft:dirt_path":4,"minecraft:tripwire":1,"minecraft:blackstone":11,"minecraft:soul_fire":1,"minecraft:clay":1,"minecraft:torch":11,"minecraft:chest":1,"minecraft:cobblestone":5,"minecraft:wall_torch":2,"minecraft:seagrass":1,"minecraft:birch_log":1,"minecraft:waxed_copper_block":1,"minecraft:oak_log":36,"minecraft:sand":24,"minecraft:dirt":8,"minecraft:netherrack":647,"minecraft:ancient_debris":3,"minecraft:oak_leaves":5,"minecraft:deepslate":14,"minecraft:nether_gold_ore":32,"minecraft:tuff":1,"minecraft:deepslate_diamond_ore":12,"minecraft:decorated_pot":12,"minecraft:hay_block":5,"minecraft:furnace":3,"minecraft:carrots":14,"minecraft:andesite":2,"minecraft:chiseled_tuff":1,"minecraft:bookshelf":2,"minecraft:deepslate_iron_ore":21,"minecraft:stripped_oak_log":8,"minecraft:packed_ice":11,"minecraft:stone":55,"minecraft:soul_sand":1,"minecraft:dandelion":1,"minecraft:crafting_table":3,"minecraft:short_grass":11,"minecraft:deepslate_gold_ore":2,"minecraft:sculk":1,"minecraft:coal_ore":69}},"DataVersion":3955}