{"stats":{"minecraft:crafted":{"minecraft:stick":4,"minecraft:spruce_planks":184,"minecraft:wooden_pickaxe":1,"minecraft:stone_pickaxe":1,"alexsmobs:cooked_moose_ribs":2,"minecraft:furnace":1,"minecraft:air":0},"minecraft:dropped":{"minecraft:wooden_pickaxe":1},"minecraft:killed_by":{"mimic_dweller:mimic_dweller":1},"minecraft:killed":{"alexsmobs:grizzly_bear":1,"alexsmobs:moose":1,"naturalist:tortoise":1,"minecraft:villager":1},"minecraft:picked_up":{"minecraft:raw_iron":2,"minecraft:crafting_table":2,"vtaw_mw:stone_katana":1,"minecraft:torch":2,"minecraft:potato":163,"minecraft:gravel":1,"minecraft:stripped_spruce_wood":39,"minecraft:spruce_log":7,"minecraft:carrot":57,"minecraft:blue_bed":1,"minecraft:spruce_door":1,"minecraft:dirt":19,"iceandfire:dragon_skull_ice":1,"minecraft:iron_axe":1,"spartanshields:stone_tower_shield":1,"minecraft:wheat_seeds":1,"alexsmobs:moose_ribs":5,"minecraft:cobblestone":49,"minecraft:ender_pearl":1},"minecraft:used":{"minecraft:water_bucket":13,"vtaw_mw:stone_katana":16,"minecraft:lava_bucket":1,"minecraft:iron_axe":53,"minecraft:stone_pickaxe":42,"iceandfire:dragon_skull_ice":1,"minecraft:spruce_planks":1,"minecraft:wooden_pickaxe":19,"minecraft:blue_bed":1,"minecraft:torch":2,"minecraft:dirt":3,"minecraft:crafting_table":1,"minecraft:furnace":1,"minecraft:bucket":15,"alexsmobs:animal_dictionary":1,"minecraft:potato":115,"minecraft:powder_snow_bucket":1},"minecraft:custom":{"minecraft:time_since_rest":6508,"minecraft:interact_with_smithing_table":2,"minecraft:interact_with_furnace":4,"minecraft:sprint_one_cm":99607,"minecraft:damage_taken":904,"minecraft:walk_one_cm":93884,"minecraft:mob_kills":5,"minecraft:drop":1,"minecraft:damage_dealt":1352,"minecraft:swim_one_cm":10415,"minecraft:interact_with_crafting_table":7,"minecraft:talked_to_villager":6,"minecraft:fly_one_cm":123758,"minecraft:open_barrel":24,"minecraft:open_chest":6,"minecraft:crouch_one_cm":5107,"minecraft:play_time":31844,"minecraft:deaths":2,"minecraft:sneak_time":1256,"minecraft:walk_under_water_one_cm":3191,"minecraft:jump":586,"minecraft:interact_with_grindstone":1,"minecraft:leave_game":1,"minecraft:time_since_death":6494,"minecraft:walk_on_water_one_cm":10250,"minecraft:sleep_in_bed":1,"minecraft:climb_one_cm":863,"minecraft:total_world_time":31844,"minecraft:fall_one_cm":11356},"minecraft:mined":{"minecraft:large_fern":1,"minecraft:carrots":16,"minecraft:stripped_spruce_wood":39,"minecraft:spruce_log":7,"minecraft:powder_snow":20,"minecraft:crafting_table":2,"minecraft:grass":1,"minecraft:grass_block":7,"minecraft:potatoes":46,"minecraft:gravel":1,"minecraft:dirt":7,"minecraft:spruce_leaves":1,"minecraft:stone":53}},"DataVersion":3120}