{"stats":{"minecraft:crafted":{"minecraft:crossbow":12,"minecraft:emerald":13,"minecraft:arrow":208,"minecraft:diamond_axe":4,"minecraft:bell":12,"minecraft:diamond_shovel":4,"minecraft:stone_axe":24,"minecraft:enchanted_book":3,"minecraft:air":0,"minecraft:diamond_helmet":3,"minecraft:bow":13,"minecraft:diamond_leggings":3,"minecraft:diamond_pickaxe":4,"minecraft:iron_axe":3,"minecraft:diamond_boots":2,"minecraft:diamond_chestplate":2},"minecraft:used":{"minecraft:water_bucket":1,"minecraft:diamond_boots":6,"minecraft:ender_pearl":9,"minecraft:chest":4,"minecraft:diamond_axe":8,"minecraft:cracked_stone_bricks":3,"minecraft:torch":24,"minecraft:dirt":4,"minecraft:diamond_helmet":6,"minecraft:diamond_pickaxe":48,"minecraft:lava_bucket":3,"minecraft:mace":4,"minecraft:diamond_chestplate":5,"minecraft:pink_petals":5,"minecraft:diamond_sword":60,"minecraft:cobblestone":3,"minecraft:bow":41,"minecraft:smithing_table":1,"minecraft:bucket":4,"minecraft:cobbled_deepslate":1,"minecraft:diamond_leggings":6,"minecraft:enchanted_golden_apple":10},"minecraft:custom":{"minecraft:interact_with_smithing_table":27,"minecraft:mob_kills":9,"minecraft:traded_with_villager":109,"minecraft:leave_game":2,"minecraft:time_since_death":9700,"minecraft:sleep_in_bed":1,"minecraft:damage_resisted":396,"minecraft:time_since_rest":9726,"minecraft:sprint_one_cm":66448,"minecraft:walk_one_cm":104655,"minecraft:damage_taken":1233,"minecraft:damage_absorbed":979,"minecraft:drop":153,"minecraft:damage_dealt":2684,"minecraft:talked_to_villager":41,"minecraft:fly_one_cm":604994,"minecraft:open_chest":10,"minecraft:crouch_one_cm":2301,"minecraft:play_time":57980,"minecraft:deaths":3,"minecraft:sneak_time":2340,"minecraft:walk_under_water_one_cm":2941,"minecraft:jump":483,"minecraft:walk_on_water_one_cm":5206,"minecraft:total_world_time":57980,"minecraft:fall_one_cm":23048},"minecraft:dropped":{"minecraft:enchanted_golden_apple":6,"minecraft:granite":2,"minecraft:ender_eye":500,"minecraft:lava_bucket":1,"minecraft:iron_door":4,"minecraft:bucket":1},"minecraft:killed":{"minecraft:ender_dragon":1,"minecraft:silverfish":3,"minecraft:enderman":4},"minecraft:killed_by":{"minecraft:player":1,"minecraft:wither":1},"minecraft:picked_up":{"minecraft:pink_petals":7,"minecraft:anvil":1,"minecraft:iron_door":8,"minecraft:clay_ball":4,"minecraft:andesite":6,"minecraft:oak_stairs":1,"minecraft:dirt":4,"minecraft:stone_bricks":26,"minecraft:cracked_stone_bricks":3,"minecraft:cobbled_deepslate":20,"minecraft:bucket":1,"minecraft:ender_eye":400,"minecraft:mossy_stone_bricks":6,"minecraft:enchanted_golden_apple":1,"minecraft:sweet_berries":3,"minecraft:torch":3,"minecraft:lava_bucket":1,"minecraft:diorite":10,"minecraft:granite":2,"minecraft:cobblestone":5,"minecraft:ender_pearl":4},"minecraft:mined":{"minecraft:infested_stone_bricks":1,"minecraft:granite":2,"minecraft:grass_block":2,"minecraft:diorite":10,"minecraft:wall_torch":3,"minecraft:andesite":6,"minecraft:dirt":2,"minecraft:cracked_stone_bricks":2,"minecraft:stone":5,"minecraft:stone_bricks":5,"minecraft:mossy_stone_bricks":1,"minecraft:deepslate":16}},"DataVersion":3955}