{"stats":{"minecraft:dropped":{"minecraft:stone_axe":1,"minecraft:birch_sapling":1,"mmorpg:offhand/tome/iron":1,"minecraft:oak_sapling":1,"minecraft:leather_leggings":1,"minecraft:stone_pickaxe":2,"minecraft:wooden_pickaxe":1,"minecraft:calcite":9},"minecraft:used":{"minecraft:calcite":4,"minecraft:wheat_seeds":4,"minecraft:stone_sword":60,"minecraft:rabbit":1,"minecraft:stone_pickaxe":41,"minecraft:wooden_pickaxe":8,"minecraft:zombie_spawn_egg":13,"minecraft:iron_sword":6,"minecraft:blue_bed":6,"minecraft:mossy_cobblestone":1,"minecraft:dirt":3,"minecraft:mutton":2,"farmersdelight:flint_knife":55,"minecraft:crafting_table":5,"minecraft:spruce_log":12,"minecraft:wooden_axe":5,"minecraft:bread":3,"minecraft:iron_pickaxe":8,"minecraft:spruce_sapling":1,"minecraft:gravel":32,"mmorpg:weapon/staff/wood":1,"minecraft:stone_axe":45,"iceandfire:earplugs":1,"minecraft:cobblestone":16,"minecraft:purple_bed":1,"minecraft:sweet_berries":39,"minecraft:oak_sapling":1,"minecraft:porkchop":3,"minecraft:coarse_dirt":12},"minecraft:picked_up":{"minecraft:crafting_table":5,"minecraft:coarse_dirt":16,"minecraft:wheat":4,"minecraft:leather_leggings":1,"mmorpg:jewelry/ring/iron":1,"minecraft:potato":3,"scguns:phosphorite":3,"minecraft:flint":2,"minecraft:gunpowder":8,"minecraft:string":2,"minecraft:dirt":3,"minecraft:blue_bed":7,"scguns:anthralite_nugget":1,"scguns:treated_iron_blend":7,"scguns:powder_and_ball":1,"minecraft:bone":2,"minecraft:bow":1,"minecraft:wheat_seeds":16,"bosses_of_mass_destruction:soul_star":1,"minecraft:rabbit_hide":2,"minecraft:stone_pickaxe":1,"minecraft:iron_ingot":5,"betterbeginnings:rock_block":54,"farmersdelight:straw":1,"minecraft:calcite":13,"scguns:ancient_brass":8,"minecraft:poppy":1,"minecraft:rabbit":1,"minecraft:iron_sword":3,"mmorpg:offhand/tome/iron":1,"minecraft:birch_sapling":1,"minecraft:iron_boots":2,"minecraft:stick":54,"minecraft:sweet_berries":78,"mmorpg:newbie_gear_bag":1,"minecraft:dandelion":1,"minecraft:gravel":32,"minecraft:porkchop":3,"mmorpg:jewelry/necklace/iron":1,"minecraft:spruce_sapling":1,"minecraft:carrot":1,"mmorpg:weapon/staff/wood":5,"minecraft:spruce_log":38,"minecraft:mossy_cobblestone":1,"minecraft:zombie_spawn_egg":18,"mmorpg:gems/garnet/0":1,"alexsmobs:raw_catfish":1,"minecraft:arrow":2,"minecraft:purple_bed":1,"minecraft:rotten_flesh":112,"mmorpg:gems/ruby/0":1,"minecraft:stone_axe":1,"minecraft:iron_helmet":1,"minecraft:oak_sapling":2,"minecraft:mutton":2,"mmorpg:offhand/dodge/iron":2,"minecraft:coal":5,"minecraft:white_wool":2,"minecraft:cobblestone":34},"minecraft:mined":{"minecraft:mossy_cobblestone":1,"minecraft:dandelion":1,"minecraft:crafting_table":5,"betterbeginnings:rock_block":59,"minecraft:grass_block":2,"minecraft:calcite":13,"minecraft:tall_grass":4,"minecraft:cobblestone":32,"minecraft:spruce_leaves":8,"minecraft:blue_bed":7,"minecraft:purple_bed":1,"minecraft:wheat":4,"minecraft:sweet_berry_bush":26,"minecraft:spruce_log":38,"minecraft:birch_leaves":6,"minecraft:grass":9,"minecraft:coal_ore":5,"minecraft:gravel":35,"scguns:phosphorite":3,"minecraft:stone":1,"minecraft:oak_leaves":75,"minecraft:fern":1},"minecraft:custom":{"minecraft:blood":0,"minecraft:mob_kills":90,"minecraft:dexterity":5,"minecraft:intelligence":16,"minecraft:move_speed":0,"minecraft:interact_with_crafting_table":13,"minecraft:bell_ring":1,"minecraft:leave_game":4,"minecraft:time_since_death":21634,"minecraft:sleep_in_bed":4,"minecraft:levels_gained":6,"minecraft:mana":271,"minecraft:time_since_rest":21644,"minecraft:magic_shield":7,"minecraft:damage_absorbed":889,"minecraft:sprint_one_cm":149234,"minecraft:damage_taken":1915,"minecraft:walk_one_cm":267294,"minecraft:drop":9,"minecraft:damage_dealt":2376,"minecraft:health":175,"minecraft:swim_one_cm":37087,"minecraft:talked_to_villager":7,"minecraft:fly_one_cm":162929,"minecraft:open_chest":11,"minecraft:crouch_one_cm":2985,"minecraft:play_time":82854,"minecraft:deaths":3,"minecraft:sneak_time":1136,"minecraft:walk_under_water_one_cm":22618,"minecraft:jump":1153,"minecraft:energy":150,"minecraft:walk_on_water_one_cm":16725,"minecraft:strength":10,"minecraft:total_world_time":82854,"minecraft:fall_one_cm":22355},"minecraft:killed":{"scguns:swarm":1,"minecraft:pig":3,"minecraft:spider":2,"minecraft:rabbit":1,"minecraft:iron_golem":1,"minecraft:creeper":2,"minecraft:squid":1,"minecraft:sheep":2,"scguns:supply_scamp":1,"alexsmobs:catfish":1,"minecraft:zombie":69,"alexsmobs:blue_jay":1,"alexsmobs:terrapin":4},"minecraft:killed_by":{"minecraft:skeleton":1},"minecraft:crafted":{"minecraft:crafting_table":1,"minecraft:spruce_planks":156,"farmersdelight:flint_knife":2,"minecraft:wooden_pickaxe":1,"iceandfire:earplugs":1,"minecraft:stone_axe":1,"minecraft:bread":1,"minecraft:shield":1,"minecraft:stick":4,"minecraft:iron_pickaxe":1,"minecraft:stone_pickaxe":2,"minecraft:wooden_axe":1,"minecraft:stone_sword":2}},"DataVersion":3465}