{"stats":{"minecraft:dropped":{"minecraft:stone_axe":1,"minecraft:birch_sapling":1,"minecraft:oak_sapling":1,"minecraft:leather_leggings":1,"minecraft:stone_pickaxe":2,"minecraft:wooden_pickaxe":1,"minecraft:calcite":9},"minecraft:used":{"minecraft:calcite":4,"minecraft:wheat_seeds":4,"minecraft:stone_sword":60,"minecraft:rabbit":1,"minecraft:stone_pickaxe":41,"minecraft:wooden_pickaxe":8,"minecraft:blue_bed":6,"minecraft:mossy_cobblestone":1,"minecraft:dirt":1,"minecraft:mutton":2,"farmersdelight:flint_knife":55,"minecraft:crafting_table":5,"minecraft:spruce_log":12,"minecraft:wooden_axe":5,"minecraft:bread":3,"minecraft:iron_pickaxe":8,"minecraft:spruce_sapling":1,"minecraft:gravel":32,"minecraft:stone_axe":45,"iceandfire:earplugs":1,"minecraft:cobblestone":16,"minecraft:purple_bed":1,"minecraft:sweet_berries":39,"minecraft:oak_sapling":1,"minecraft:porkchop":3,"minecraft:coarse_dirt":12},"minecraft:picked_up":{"minecraft:crafting_table":5,"minecraft:coarse_dirt":16,"minecraft:wheat":4,"minecraft:leather_leggings":1,"scguns:phosphorite":3,"minecraft:flint":2,"minecraft:gunpowder":8,"minecraft:dirt":1,"minecraft:blue_bed":7,"scguns:anthralite_nugget":1,"scguns:treated_iron_blend":7,"scguns:powder_and_ball":1,"minecraft:bone":2,"minecraft:wheat_seeds":16,"minecraft:rabbit_hide":2,"minecraft:stone_pickaxe":1,"minecraft:iron_ingot":5,"betterbeginnings:rock_block":54,"farmersdelight:straw":1,"minecraft:calcite":13,"scguns:ancient_brass":8,"minecraft:poppy":1,"minecraft:rabbit":1,"minecraft:birch_sapling":1,"minecraft:stick":39,"minecraft:sweet_berries":78,"minecraft:dandelion":1,"minecraft:gravel":32,"minecraft:porkchop":3,"minecraft:spruce_sapling":1,"minecraft:spruce_log":38,"minecraft:mossy_cobblestone":1,"alexsmobs:raw_catfish":1,"minecraft:arrow":2,"minecraft:purple_bed":1,"minecraft:rotten_flesh":4,"minecraft:stone_axe":1,"minecraft:oak_sapling":2,"minecraft:mutton":2,"minecraft:coal":5,"minecraft:white_wool":2,"minecraft:cobblestone":34},"minecraft:mined":{"minecraft:mossy_cobblestone":1,"minecraft:dandelion":1,"minecraft:crafting_table":5,"betterbeginnings:rock_block":59,"minecraft:grass_block":1,"minecraft:calcite":13,"minecraft:tall_grass":4,"minecraft:cobblestone":32,"minecraft:spruce_leaves":8,"minecraft:blue_bed":7,"minecraft:purple_bed":1,"minecraft:wheat":4,"minecraft:sweet_berry_bush":26,"minecraft:spruce_log":38,"minecraft:birch_leaves":6,"minecraft:grass":9,"minecraft:coal_ore":5,"minecraft:gravel":35,"scguns:phosphorite":3,"minecraft:stone":1,"minecraft:oak_leaves":75,"minecraft:fern":1},"minecraft:custom":{"minecraft:blood":0,"minecraft:mob_kills":18,"minecraft:dexterity":5,"minecraft:intelligence":11,"minecraft:move_speed":0,"minecraft:interact_with_crafting_table":13,"minecraft:bell_ring":1,"minecraft:leave_game":3,"minecraft:time_since_death":20917,"minecraft:sleep_in_bed":4,"minecraft:mana":160,"minecraft:time_since_rest":19194,"minecraft:magic_shield":0,"minecraft:damage_absorbed":40,"minecraft:sprint_one_cm":132635,"minecraft:damage_taken":1080,"minecraft:walk_one_cm":204737,"minecraft:drop":8,"minecraft:damage_dealt":2193,"minecraft:health":100,"minecraft:swim_one_cm":34566,"minecraft:talked_to_villager":7,"minecraft:fly_one_cm":142453,"minecraft:open_chest":11,"minecraft:crouch_one_cm":2985,"minecraft:play_time":60542,"minecraft:deaths":1,"minecraft:sneak_time":1120,"minecraft:walk_under_water_one_cm":19654,"minecraft:jump":878,"minecraft:energy":100,"minecraft:walk_on_water_one_cm":14012,"minecraft:strength":6,"minecraft:total_world_time":60542,"minecraft:fall_one_cm":14391},"minecraft:killed":{"scguns:swarm":1,"minecraft:pig":3,"minecraft:rabbit":1,"minecraft:iron_golem":1,"minecraft:creeper":2,"minecraft:squid":1,"minecraft:sheep":2,"scguns:supply_scamp":1,"alexsmobs:catfish":1,"alexsmobs:blue_jay":1,"alexsmobs:terrapin":3},"minecraft:killed_by":{"minecraft:skeleton":1},"minecraft:crafted":{"minecraft:crafting_table":1,"minecraft:spruce_planks":156,"farmersdelight:flint_knife":2,"minecraft:wooden_pickaxe":1,"iceandfire:earplugs":1,"minecraft:stone_axe":1,"minecraft:bread":1,"minecraft:shield":1,"minecraft:stick":4,"minecraft:iron_pickaxe":1,"minecraft:stone_pickaxe":2,"minecraft:wooden_axe":1,"minecraft:stone_sword":2}},"DataVersion":3465}