{"stats":{"minecraft:dropped":{"minecraft:birch_sapling":1,"minecraft:oak_sapling":1,"minecraft:leather_leggings":1,"minecraft:stone_pickaxe":2,"minecraft:wooden_pickaxe":1,"minecraft:calcite":9},"minecraft:used":{"minecraft:calcite":4,"minecraft:wheat_seeds":4,"minecraft:stone_sword":27,"minecraft:rabbit":1,"minecraft:stone_pickaxe":27,"minecraft:wooden_pickaxe":8,"minecraft:blue_bed":6,"farmersdelight:flint_knife":6,"minecraft:crafting_table":5,"minecraft:wooden_axe":5,"minecraft:bread":3,"minecraft:iron_pickaxe":8,"minecraft:gravel":25,"iceandfire:earplugs":1,"minecraft:cobblestone":16,"minecraft:purple_bed":1,"minecraft:sweet_berries":10,"minecraft:coarse_dirt":12},"minecraft:picked_up":{"minecraft:crafting_table":5,"minecraft:coarse_dirt":16,"minecraft:wheat":4,"minecraft:leather_leggings":1,"scguns:phosphorite":3,"minecraft:flint":1,"minecraft:gunpowder":8,"minecraft:blue_bed":7,"scguns:anthralite_nugget":1,"scguns:treated_iron_blend":7,"scguns:powder_and_ball":1,"minecraft:bone":2,"minecraft:wheat_seeds":15,"minecraft:rabbit_hide":2,"minecraft:stone_pickaxe":1,"minecraft:iron_ingot":5,"betterbeginnings:rock_block":42,"minecraft:calcite":13,"scguns:ancient_brass":8,"minecraft:poppy":1,"minecraft:rabbit":1,"minecraft:birch_sapling":1,"minecraft:stick":18,"minecraft:sweet_berries":45,"minecraft:dandelion":1,"minecraft:gravel":25,"alexsmobs:raw_catfish":1,"minecraft:arrow":2,"minecraft:purple_bed":1,"minecraft:rotten_flesh":3,"minecraft:oak_sapling":1,"minecraft:coal":5,"minecraft:cobblestone":21},"minecraft:mined":{"minecraft:dandelion":1,"minecraft:crafting_table":5,"betterbeginnings:rock_block":47,"minecraft:calcite":13,"minecraft:cobblestone":19,"minecraft:spruce_leaves":3,"minecraft:blue_bed":7,"minecraft:purple_bed":1,"minecraft:wheat":4,"minecraft:sweet_berry_bush":11,"minecraft:birch_leaves":6,"minecraft:grass":6,"minecraft:coal_ore":5,"minecraft:gravel":26,"scguns:phosphorite":3,"minecraft:stone":1,"minecraft:oak_leaves":40},"minecraft:custom":{"minecraft:blood":0,"minecraft:mob_kills":8,"minecraft:dexterity":0,"minecraft:intelligence":0,"minecraft:move_speed":0,"minecraft:interact_with_crafting_table":10,"minecraft:bell_ring":1,"minecraft:leave_game":3,"minecraft:time_since_death":38905,"minecraft:sleep_in_bed":3,"minecraft:mana":50,"minecraft:time_since_rest":1136,"minecraft:magic_shield":0,"minecraft:sprint_one_cm":93645,"minecraft:damage_taken":270,"minecraft:walk_one_cm":138063,"minecraft:drop":7,"minecraft:damage_dealt":1282,"minecraft:health":70,"minecraft:swim_one_cm":15703,"minecraft:talked_to_villager":7,"minecraft:fly_one_cm":85356,"minecraft:open_chest":10,"minecraft:crouch_one_cm":2985,"minecraft:play_time":38905,"minecraft:sneak_time":1108,"minecraft:walk_under_water_one_cm":6692,"minecraft:jump":555,"minecraft:energy":50,"minecraft:walk_on_water_one_cm":7465,"minecraft:strength":0,"minecraft:total_world_time":38905,"minecraft:fall_one_cm":8681},"minecraft:killed":{"scguns:swarm":1,"minecraft:rabbit":1,"minecraft:iron_golem":1,"minecraft:creeper":2,"scguns:supply_scamp":1,"alexsmobs:catfish":1,"alexsmobs:terrapin":1},"minecraft:crafted":{"minecraft:crafting_table":1,"minecraft:spruce_planks":52,"farmersdelight:flint_knife":1,"minecraft:wooden_pickaxe":1,"iceandfire:earplugs":1,"minecraft:bread":1,"minecraft:shield":1,"minecraft:stick":4,"minecraft:iron_pickaxe":1,"minecraft:stone_pickaxe":1,"minecraft:wooden_axe":1,"minecraft:stone_sword":1}},"DataVersion":3465}