{"stats":{"minecraft:broken":{"spartanshields:iron_basic_shield":1,"minecraft:iron_pickaxe":1},"minecraft:crafted":{"minecraft:oak_planks":40,"minecraft:barrel":22,"spartanshields:iron_basic_shield":1,"minecraft:diamond_leggings":1,"minecraft:chest":12,"minecraft:oak_slab":48,"minecraft:crafting_table":3,"biomesoplenty:dead_boat":1,"biomesoplenty:umbran_boat":1,"minecraft:stick":8,"minecraft:iron_pickaxe":1,"minecraft:iron_ingot":13,"spartanshields:wooden_basic_shield":2,"minecraft:spruce_slab":36,"minecraft:diamond_boots":1,"minecraft:dark_oak_planks":4,"minecraft:wheat":63,"biomesoplenty:umbran_planks":8,"biomesoplenty:dead_planks":16,"minecraft:bread":21,"minecraft:air":0,"minecraft:diamond_chestplate":1},"minecraft:dropped":{"biomesoplenty:umbran_planks":4,"minecraft:diamond":64,"minecraft:lime_stained_glass":58,"minecraft:crossbow":2,"iceandfire:frozen_dirt":4,"minecraft:leather":2,"minecraft:mossy_stone_brick_stairs":2,"iceandfire:dread_stone_bricks_cracked":7,"spartanshields:wooden_basic_shield":1,"minecraft:emerald":23,"minecraft:flint":18,"minecraft:dirt":37,"minecraft:dark_oak_fence":6,"minecraft:dark_oak_trapdoor":2,"minecraft:snowball":7,"iceandfire:dread_stone_bricks":5,"minecraft:chain":2,"minecraft:gold_nugget":6,"minecraft:bone_meal":2,"iceandfire:ash":2,"minecraft:sand":8,"farmersdelight:pasta_with_mutton_chop":4,"minecraft:dark_oak_planks":7,"minecraft:gravel":97,"biomesoplenty:toadstool":1,"minecraft:blackstone":56,"alexsmobs:animal_dictionary":2,"minecraft:rotten_flesh":12,"minecraft:oak_planks":192,"minecraft:yellow_stained_glass":8,"minecraft:white_bed":3,"iceandfire:dread_stone_bricks_mossy":2,"minecraft:ladder":4,"farmersdelight:rope":11,"minecraft:spruce_slab":1,"minecraft:basalt":12,"minecraft:arrow":256,"minecraft:green_stained_glass":33,"iceandfire:silver_pickaxe":1,"minecraft:enchanted_book":2,"minecraft:iron_ingot":28,"minecraft:wheat_seeds":1,"minecraft:iron_helmet":2,"minecraft:cobblestone":66,"iceandfire:frozen_gravel":4,"minecraft:granite":39,"minecraft:spruce_stairs":1,"minecraft:chainmail_helmet":3,"minecraft:coal":2,"mowziesmobs:wrought_axe":1,"minecraft:coal_block":1,"minecraft:stick":12,"ad_astra:sky_stone":28,"minecraft:iron_block":1,"minecraft:golden_carrot":52,"minecraft:torch":63,"biomesoplenty:brimstone":43,"minecraft:rose_bush":2,"minecraft:diamond_helmet":2,"minecraft:potion":1,"minecraft:iron_leggings":2,"minecraft:heart_of_the_sea":1,"minecraft:white_banner":2,"minecraft:iron_shovel":1,"minecraft:paper":3,"minecraft:bucket":2,"iceandfire:dragonbone":1,"minecraft:redstone":1,"iceandfire:silver_nugget":8,"minecraft:furnace":6,"minecraft:green_terracotta":66,"minecraft:coarse_dirt":16,"minecraft:raw_copper":8,"minecraft:iron_boots":1,"iceandfire:dragon_skull_ice":2,"minecraft:filled_map":1,"biomesoplenty:umbran_boat":1,"minecraft:iron_chestplate":2,"minecraft:andesite":1,"minecraft:stone_bricks":4,"minecraft:spider_eye":2,"minecraft:diamond_boots":1,"minecraft:slime_ball":3,"minecraft:sandstone":24,"minecraft:bow":3,"minecraft:calcite":6,"minecraft:nautilus_shell":1,"minecraft:magma_block":2},"minecraft:killed_by":{"sanitydim:rotting_stalker":1,"iceandfire:dread_ghoul":1,"minecraft:vindicator":1,"man:managgresive":1,"minecraft:player":3},"minecraft:killed":{"alexsmobs:lobster":2,"iceandfire:dread_scuttler":2,"minecraft:magma_cube":4,"minecraft:pig":1,"laendli_transport:crab":1,"minecraft:pillager":19,"minecraft:zombie":1,"iceandfire:dread_ghoul":2,"minecraft:cow":1,"minecraft:vindicator":3,"iceandfire:dread_beast":8,"naturalist:tortoise":1,"iceandfire:dread_thrall":2,"laendli_transport:slabcrab":1,"iceandfire:ghost":2,"iceandfire:ice_dragon":1},"minecraft:picked_up":{"iceandfire:dread_stone_bricks":8,"minecraft:iron_chestplate":3,"minecraft:lead":6,"minecraft:wither_rose":1,"minecraft:amethyst_block":11,"minecraft:dark_oak_trapdoor":2,"minecraft:raw_copper":8,"minecraft:iron_leggings":3,"biomesoplenty:brimstone":43,"minecraft:bucket":2,"minecraft:spruce_planks":1,"minecraft:rose_bush":2,"minecraft:calcite":6,"minecraft:iron_pickaxe":1,"iceandfire:frozen_gravel":4,"minecraft:coal_block":25,"minecraft:furnace":9,"minecraft:iron_boots":2,"minecraft:stick":10,"iceandfire:silver_ore":2,"biomesoplenty:umbran_planks":8,"minecraft:torch":189,"iceandfire:dragonscales_white":7,"minecraft:spruce_stairs":1,"minecraft:porkchop":1,"iceandfire:dread_torch":7,"minecraft:green_terracotta":66,"iceandfire:lightning_lily":1,"minecraft:rotten_flesh":12,"minecraft:iron_block":1,"minecraft:snowball":8,"minecraft:cobblestone":165,"minecraft:nautilus_shell":1,"minecraft:magma_block":2,"minecraft:andesite":5,"spartanshields:iron_basic_shield":1,"minecraft:potato":3,"biomesoplenty:dead_log":4,"minecraft:flint":18,"minecraft:dirt":155,"minecraft:bone":8,"minecraft:bow":2,"minecraft:wheat_seeds":2,"minecraft:diamond_helmet":2,"minecraft:oak_planks":240,"minecraft:mossy_stone_brick_stairs":2,"biomesoplenty:toadstool":1,"iceandfire:dragonscales_sapphire":26,"minecraft:sand":17,"sophisticatedbackpacks:iron_backpack":1,"alexsmobs:animal_dictionary":1,"minecraft:barrel":17,"minecraft:dark_oak_log":1,"iceandfire:frozen_dirt":4,"minecraft:diamond":32,"iceandfire:dread_stone_bricks_mossy":3,"minecraft:crossbow":2,"minecraft:granite":39,"minecraft:bone_meal":2,"minecraft:emerald":31,"minecraft:chainmail_helmet":3,"minecraft:dark_oak_fence":6,"iceandfire:silver_nugget":8,"minecraft:coarse_dirt":16,"minecraft:ladder":5,"minecraft:chain":4,"ad_astra:sky_stone":28,"minecraft:iron_axe":1,"minecraft:iron_shovel":1,"minecraft:blackstone":56,"biomesoplenty:black_sand":1,"minecraft:beef":1,"iceandfire:dread_shard":3,"minecraft:spruce_slab":29,"minecraft:chest":1,"iceandfire:ice_dragon_heart":2,"minecraft:sandstone":24,"iceandfire:dragonbone":47,"minecraft:carrot":53,"minecraft:dark_oak_planks":3,"iceandfire:dragon_skull_ice":7,"iceandfire:silver_ingot":1,"minecraft:arrow":276,"minecraft:hay_block":7,"unusualprehistory:opal_fossil":1,"minecraft:lime_stained_glass":58,"minecraft:basalt":15,"minecraft:golden_carrot":42,"minecraft:leather":2,"minecraft:filled_map":1,"minecraft:oak_log":10,"iceandfire:dread_stone_bricks_cracked":13,"mowziesmobs:wrought_axe":2,"minecraft:paper":3,"minecraft:white_banner":2,"minecraft:stone_bricks":12,"minecraft:yellow_stained_glass":8,"biomesoplenty:umbran_log":2,"minecraft:iron_sword":1,"minecraft:oak_slab":6,"iceandfire:ash":1,"minecraft:gravel":450,"minecraft:lava_bucket":1,"mowziesmobs:wrought_helmet":1,"minecraft:green_stained_glass":33,"minecraft:white_bed":6,"minecraft:spider_eye":2,"minecraft:slime_ball":3,"minecraft:iron_helmet":3,"iceandfire:ice_dragon_flesh":4,"minecraft:baked_potato":23,"minecraft:coal":2,"unusualprehistory:mezo_fossil":8},"minecraft:custom":{"minecraft:interact_with_crafting_table":30,"minecraft:open_barrel":47,"minecraft:leave_game":5,"minecraft:time_since_death":44939,"minecraft:sprint_one_cm":779257,"minecraft:damage_blocked_by_shield":4717,"minecraft:drop":247,"minecraft:talked_to_villager":1,"minecraft:play_time":270760,"minecraft:deaths":8,"minecraft:jump":3758,"minecraft:walk_on_water_one_cm":22474,"minecraft:interact_with_furnace":8,"minecraft:sleep_in_bed":6,"minecraft:damage_dealt":22404,"minecraft:player_kills":2,"minecraft:crouch_one_cm":45777,"minecraft:interact_with_smithing_table":3,"minecraft:mob_kills":55,"minecraft:climb_one_cm":9508,"minecraft:walk_one_cm":912774,"minecraft:sneak_time":11930,"minecraft:walk_under_water_one_cm":24964,"minecraft:boat_one_cm":95051,"minecraft:total_world_time":270760,"minecraft:time_since_rest":45098,"minecraft:damage_taken":9861,"minecraft:trigger_trapped_chest":2,"minecraft:swim_one_cm":28641,"minecraft:fly_one_cm":989679,"minecraft:open_chest":131,"minecraft:fall_one_cm":72731},"minecraft:used":{"minecraft:iron_shovel":125,"minecraft:spruce_slab":57,"iceandfire:dragon_skull_ice":2,"minecraft:ladder":1,"minecraft:chest":13,"minecraft:iron_sword":73,"minecraft:carrot":79,"minecraft:snowball":1,"iceandfire:dread_torch":4,"iceandfire:lightning_lily":1,"minecraft:lantern":3,"minecraft:stone_bricks":4,"minecraft:bow":106,"spartanshields:iron_basic_shield":93,"minecraft:furnace":3,"minecraft:potato":7,"iceandfire:dread_stone_bricks":9,"minecraft:sand":9,"biomesoplenty:umbran_planks":3,"minecraft:bread":23,"minecraft:gravel":5,"minecraft:chain":2,"minecraft:spruce_planks":1,"minecraft:torch":195,"minecraft:dirt":118,"biomesoplenty:dead_boat":1,"minecraft:iron_axe":98,"minecraft:barrel":39,"minecraft:basalt":3,"minecraft:golden_carrot":2,"minecraft:beef":1,"biomesoplenty:black_sand":1,"minecraft:amethyst_block":42,"minecraft:baked_potato":87,"farmersdelight:onion":7,"minecraft:oak_slab":6,"minecraft:crafting_table":3,"iceandfire:dread_stone_bricks_mossy":1,"minecraft:white_bed":2,"mowziesmobs:wrought_axe":435,"minecraft:iron_pickaxe":251,"minecraft:cobblestone":117,"minecraft:porkchop":1,"minecraft:pumpkin_pie":2,"alexsmobs:animal_dictionary":8,"minecraft:splash_potion":578,"iceandfire:dread_stone_bricks_cracked":4},"minecraft:mined":{"minecraft:dark_oak_planks":6,"minecraft:spruce_planks":1,"minecraft:white_bed":1,"iceandfire:graveyard_soil":1,"iceandfire:dread_torch":3,"the_silence:sad_satan":27,"minecraft:granite":21,"biomesoplenty:umbran_planks":2,"minecraft:grass_block":39,"iceandfire:dread_spawner":1,"minecraft:coal_block":25,"minecraft:magma_block":1,"minecraft:dark_oak_trapdoor":1,"iceandfire:dread_torch_wall":4,"minecraft:barrel":17,"minecraft:fire":11,"iceandfire:dread_stone_bricks_cracked":8,"minecraft:spruce_slab":29,"minecraft:powder_snow":38,"minecraft:torch":43,"minecraft:chest":1,"iceandfire:frozen_dirt":4,"minecraft:cobblestone":10,"minecraft:wall_torch":12,"minecraft:amethyst_block":1,"minecraft:chain":2,"minecraft:dark_oak_slab":1,"unusualprehistory:stone_fossil":8,"biomesoplenty:umbran_log":4,"minecraft:grass":6,"biomesoplenty:dead_log":4,"iceandfire:dread_stone_bricks_mossy":2,"minecraft:oak_log":11,"minecraft:sand":16,"minecraft:dirt":99,"iceandfire:dread_stone_bricks":12,"iceandfire:lightning_lily":1,"iceandfire:silver_ore":2,"minecraft:dark_oak_log":1,"minecraft:dark_oak_fence":4,"minecraft:ladder":2,"minecraft:spruce_leaves":2,"minecraft:sandstone":28,"minecraft:hay_block":7,"minecraft:carrots":15,"biomesoplenty:toadstool":1,"minecraft:snow":1,"minecraft:andesite":1,"minecraft:potatoes":1,"minecraft:vine":2,"minecraft:packed_ice":9,"minecraft:stone":75,"ad_astra:sky_stone":17,"minecraft:oak_slab":6,"minecraft:basalt":12,"iceandfire:frozen_gravel":3,"minecraft:copper_ore":2,"minecraft:diorite":1,"minecraft:spruce_stairs":1,"minecraft:coarse_dirt":1,"minecraft:ice":7,"minecraft:white_carpet":4,"minecraft:white_wall_banner":1,"iceandfire:silver_pile":1,"minecraft:gravel":111,"minecraft:fern":18}},"DataVersion":3120}