{"stats":{"minecraft:crafted":{"minecraft:oak_planks":48,"minecraft:cobblestone_slab":6,"minecraft:cooked_chicken":16,"minecraft:cobblestone_stairs":24,"minecraft:diamond_shovel":1,"minecraft:cooked_mutton":3,"minecraft:glass":26,"minecraft:diamond_helmet":2,"minecraft:diamond_leggings":3,"minecraft:bow":1,"minecraft:chest":12,"minecraft:arrow":44,"minecraft:diamond_axe":1,"minecraft:crafting_table":2,"minecraft:spruce_planks":44,"minecraft:wooden_pickaxe":1,"minecraft:iron_helmet":1,"minecraft:spruce_door":3,"minecraft:pumpkin_seeds":4,"minecraft:book":1,"minecraft:iron_chestplate":1,"minecraft:paper":6,"minecraft:diamond_pickaxe":1,"minecraft:shield":6,"minecraft:stick":32,"minecraft:iron_ingot":58,"minecraft:iron_block":2,"minecraft:stone_sword":1,"minecraft:cherry_planks":252,"minecraft:cobbled_deepslate_slab":6,"minecraft:furnace":4,"minecraft:pink_dye":4,"minecraft:glass_pane":64,"minecraft:flint_and_steel":1,"minecraft:stone_pickaxe":5,"minecraft:diamond_boots":3,"minecraft:diamond_sword":1,"minecraft:enchanting_table":1,"minecraft:bucket":1,"minecraft:stone_axe":1,"minecraft:air":0,"minecraft:wooden_axe":1,"minecraft:cherry_door":3,"minecraft:anvil":1,"minecraft:diamond_chestplate":2},"minecraft:used":{"minecraft:tuff_bricks":10,"minecraft:cherry_sapling":2,"minecraft:poppy":1,"minecraft:decorated_pot":1,"minecraft:chest":15,"minecraft:shield":126,"minecraft:bell":2,"minecraft:rotten_flesh":1,"minecraft:soul_sand":6,"minecraft:waxed_copper_grate":4,"minecraft:tuff":2,"minecraft:spruce_boat":2,"minecraft:villager_spawn_egg":15,"minecraft:lantern":5,"minecraft:item_frame":1,"minecraft:bow":227,"minecraft:sweet_berries":36,"minecraft:scaffolding":10,"minecraft:oak_sapling":3,"minecraft:furnace":4,"minecraft:egg":3,"minecraft:potato":4,"minecraft:spruce_door":2,"minecraft:stone_pickaxe":652,"minecraft:oak_planks":94,"minecraft:ender_pearl":22,"minecraft:wooden_pickaxe":12,"minecraft:sugar_cane":3,"minecraft:blue_bed":4,"minecraft:diamond_axe":321,"minecraft:white_wool":2,"minecraft:lingering_potion":1,"minecraft:bread":3,"minecraft:string":18,"minecraft:gravel":6,"minecraft:diamond_sword":570,"minecraft:chain":53,"minecraft:waxed_copper_bulb":1,"minecraft:trident":23,"minecraft:enchanting_table":1,"minecraft:flint_and_steel":9,"minecraft:cooked_chicken":20,"minecraft:trial_key":6,"minecraft:torch":55,"minecraft:dirt":230,"minecraft:anvil":2,"minecraft:hopper":3,"minecraft:wooden_axe":18,"minecraft:oak_stairs":15,"minecraft:golden_carrot":4,"minecraft:wolf_spawn_egg":1,"minecraft:cooked_beef":17,"minecraft:cobbled_deepslate":634,"minecraft:cherry_log":3,"minecraft:enchanted_golden_apple":9,"minecraft:cooked_mutton":3,"minecraft:water_bucket":82,"minecraft:cobblestone_stairs":25,"minecraft:baked_potato":16,"minecraft:cherry_planks":491,"minecraft:cobblestone_slab":6,"minecraft:waxed_copper_block":9,"minecraft:crafting_table":6,"minecraft:red_bed":1,"minecraft:ender_eye":8,"minecraft:diamond_pickaxe":954,"minecraft:diamond_shovel":971,"minecraft:cherry_door":3,"minecraft:iron_pickaxe":162,"minecraft:stone_axe":15,"minecraft:pink_petals":38,"minecraft:potion":1,"minecraft:cobblestone":179,"minecraft:purple_bed":6,"minecraft:cobbled_deepslate_slab":7,"minecraft:porkchop":16,"minecraft:bucket":83,"minecraft:glass_pane":24,"minecraft:pumpkin_pie":1,"minecraft:yellow_bed":2,"minecraft:brush":12,"minecraft:stripped_oak_log":74,"minecraft:splash_potion":196,"minecraft:sculk_catalyst":1,"minecraft:smooth_stone":3},"minecraft:custom":{"minecraft:interact_with_crafting_table":62,"minecraft:open_barrel":6,"minecraft:bell_ring":69,"minecraft:damage_resisted":925,"minecraft:leave_game":11,"minecraft:time_since_death":13695,"minecraft:sprint_one_cm":871515,"minecraft:damage_blocked_by_shield":5348,"minecraft:drop":169,"minecraft:talked_to_villager":25,"minecraft:play_time":443216,"minecraft:deaths":48,"minecraft:jump":6414,"minecraft:walk_on_water_one_cm":46590,"minecraft:enchant_item":1,"minecraft:interact_with_furnace":64,"minecraft:play_record":11,"minecraft:traded_with_villager":4,"minecraft:interact_with_loom":6,"minecraft:sleep_in_bed":12,"minecraft:damage_dealt":29006,"minecraft:player_kills":44,"minecraft:crouch_one_cm":28046,"minecraft:inspect_dispenser":11,"minecraft:interact_with_smithing_table":12,"minecraft:mob_kills":102,"minecraft:interact_with_anvil":26,"minecraft:inspect_hopper":9,"minecraft:climb_one_cm":7786,"minecraft:walk_one_cm":1323511,"minecraft:sneak_time":9540,"minecraft:walk_under_water_one_cm":57618,"minecraft:total_world_time":443216,"minecraft:time_since_rest":13759,"minecraft:damage_absorbed":1069,"minecraft:damage_taken":16183,"minecraft:swim_one_cm":75906,"minecraft:fly_one_cm":1169900,"minecraft:open_chest":168,"minecraft:fall_one_cm":174424},"minecraft:broken":{"minecraft:diamond_helmet":1,"minecraft:stone_pickaxe":4,"minecraft:diamond_boots":1,"minecraft:diamond_leggings":1,"minecraft:shield":2},"minecraft:dropped":{"minecraft:glass_bottle":1,"minecraft:ender_pearl":81,"minecraft:diamond":11,"minecraft:decorated_pot":3,"minecraft:silence_armor_trim_smithing_template":12,"minecraft:leather_helmet":1,"minecraft:music_disc_creator_music_box":1,"minecraft:dirt":79,"minecraft:cherry_trapdoor":1,"minecraft:waxed_cut_copper_slab":1,"minecraft:cobbled_deepslate":52,"minecraft:rotten_flesh":14,"minecraft:oak_planks":30,"minecraft:white_bed":1,"minecraft:waxed_copper_block":3,"minecraft:deepslate_tiles":2,"minecraft:lingering_potion":3,"minecraft:chiseled_tuff":1,"minecraft:arrow":30,"minecraft:glass":2,"minecraft:scaffolding":8,"minecraft:netherrack":5,"minecraft:splash_potion":3,"minecraft:egg":3,"minecraft:enchanted_book":8,"minecraft:iron_ingot":5,"minecraft:wheat_seeds":10,"minecraft:lead":2,"minecraft:cobblestone":261,"minecraft:feather":4,"minecraft:iron_helmet":1,"minecraft:spruce_door":1,"minecraft:stick":5,"minecraft:diorite":3,"minecraft:torch":361,"minecraft:cherry_planks":36,"minecraft:potion":1,"minecraft:oak_stairs":1,"minecraft:smooth_stone":7,"minecraft:string":2783,"minecraft:pink_petals":18,"minecraft:bucket":4,"minecraft:redstone":4,"minecraft:bamboo_planks":5,"minecraft:anvil":2,"minecraft:tuff_bricks":5,"minecraft:stripped_oak_log":1,"minecraft:ender_eye":164,"minecraft:flint_and_steel":1,"minecraft:potato":1,"minecraft:spruce_boat":1,"minecraft:shield":3,"minecraft:flower_pot":1,"minecraft:trial_key":1,"minecraft:spruce_planks":18,"minecraft:iron_chestplate":1,"minecraft:andesite":16,"minecraft:stone_bricks":13,"minecraft:spider_eye":1,"minecraft:bow":2,"minecraft:stone_pickaxe":1},"minecraft:killed_by":{"minecraft:creeper":1,"minecraft:zombie":3,"minecraft:illusioner":1,"minecraft:player":14,"minecraft:warden":7,"minecraft:skeleton":2,"minecraft:wither":1},"minecraft:killed":{"minecraft:witch":1,"minecraft:spider":2,"minecraft:skeleton":19,"minecraft:bee":1,"minecraft:chicken":5,"minecraft:silverfish":4,"minecraft:illusioner":1,"minecraft:pig":4,"minecraft:salmon":7,"minecraft:creeper":3,"minecraft:sheep":4,"minecraft:zombie":26,"minecraft:stray":3,"minecraft:cow":2,"minecraft:endermite":1,"minecraft:drowned":1,"minecraft:warden":1,"minecraft:hoglin":2,"minecraft:enderman":3},"minecraft:picked_up":{"minecraft:wheat":17,"minecraft:anvil":1,"minecraft:flower_pot":1,"minecraft:lead":2,"minecraft:oak_stairs":1,"minecraft:potion":6,"minecraft:enchanted_book":8,"minecraft:string":3749,"minecraft:raw_copper":13,"minecraft:waxed_cut_copper_slab":1,"minecraft:oak_sign":2,"minecraft:deepslate_tiles":2,"minecraft:cobbled_deepslate":471,"minecraft:gold_nugget":24,"minecraft:smooth_stone":10,"minecraft:bucket":3,"minecraft:spruce_planks":42,"minecraft:trial_key":7,"minecraft:ender_eye":64,"minecraft:cobblestone_slab":1,"minecraft:iron_pickaxe":1,"minecraft:enchanted_golden_apple":5,"minecraft:tipped_arrow":14,"minecraft:stick":16,"minecraft:torch":230,"minecraft:porkchop":41,"minecraft:cherry_log":66,"minecraft:waxed_weathered_copper_bulb":2,"minecraft:diorite":22,"minecraft:waxed_copper_grate":4,"minecraft:music_disc_pigstep":1,"minecraft:stone_sword":1,"minecraft:rotten_flesh":18,"minecraft:honey_bottle":5,"minecraft:obsidian":4,"minecraft:iron_bars":2,"minecraft:cobblestone":781,"minecraft:pink_petals":345,"minecraft:feather":4,"minecraft:cooked_beef":4,"minecraft:cherry_planks":40,"minecraft:andesite":28,"minecraft:potato":19,"minecraft:flint":1,"minecraft:tuff":56,"minecraft:silence_armor_trim_smithing_template":4,"minecraft:lapis_lazuli":38,"minecraft:dirt":602,"minecraft:bone":55,"minecraft:bow":4,"minecraft:wheat_seeds":42,"minecraft:raw_gold":12,"minecraft:cobbled_deepslate_slab":1,"minecraft:bell":2,"minecraft:bolt_armor_trim_smithing_template":1,"minecraft:fletching_table":1,"minecraft:oak_planks":48,"minecraft:ghast_tear":1,"minecraft:sand":311,"minecraft:grass_block":1,"minecraft:diamond":95,"minecraft:spruce_boat":3,"minecraft:lever":3,"minecraft:granite":4,"minecraft:golden_apple":1,"minecraft:emerald":75,"minecraft:bread":3,"minecraft:jack_o_lantern":1,"minecraft:oak_sapling":14,"minecraft:netherrack":5,"minecraft:oak_leaves":1,"minecraft:crafting_table":5,"minecraft:ominous_bottle":2,"minecraft:chicken":23,"minecraft:chest_minecart":1,"minecraft:wooden_pickaxe":1,"minecraft:shield":3,"minecraft:wind_charge":1,"minecraft:oak_trapdoor":2,"minecraft:red_bed":1,"minecraft:flint_and_steel":1,"minecraft:item_frame":1,"minecraft:cracked_stone_bricks":5,"minecraft:beef":5,"minecraft:spire_armor_trim_smithing_template":1,"minecraft:chiseled_tuff":1,"minecraft:poppy":1,"minecraft:lectern":1,"minecraft:sugar_cane":9,"minecraft:chest":3,"minecraft:cherry_trapdoor":1,"minecraft:egg":7,"minecraft:raw_iron":116,"minecraft:end_stone":13,"minecraft:copper_ingot":1,"minecraft:bowl":2,"minecraft:music_disc_11":9,"minecraft:carrot":5,"minecraft:music_disc_creator_music_box":6,"minecraft:tnt":64,"minecraft:arrow":56,"minecraft:decorated_pot":9,"minecraft:pumpkin_pie":1,"minecraft:diamond_boots":1,"minecraft:tuff_bricks":37,"minecraft:mutton":13,"minecraft:white_wool":17,"minecraft:golden_carrot":4,"minecraft:salmon":5,"minecraft:leather":1,"minecraft:waxed_copper_bulb":2,"minecraft:oak_log":36,"minecraft:waxed_copper_block":12,"minecraft:yellow_bed":2,"minecraft:gunpowder":4,"minecraft:cobblestone_stairs":5,"minecraft:blue_bed":4,"minecraft:apple":2,"minecraft:stone_bricks":13,"minecraft:iron_ingot":9,"minecraft:stone_pickaxe":2,"minecraft:cooked_chicken":4,"minecraft:soul_sand":12,"minecraft:music_disc_chirp":1,"minecraft:book":3,"minecraft:sculk_catalyst":1,"minecraft:scaffolding":17,"minecraft:sweet_berries":126,"minecraft:pumpkin":9,"minecraft:brush":1,"minecraft:quartz":9,"minecraft:waxed_exposed_copper_bulb":1,"minecraft:gravel":11,"minecraft:spruce_sapling":11,"minecraft:white_bed":1,"minecraft:spruce_log":24,"minecraft:spider_eye":1,"minecraft:leather_helmet":1,"minecraft:purple_bed":6,"minecraft:stone_axe":2,"minecraft:cherry_sapling":7,"minecraft:baked_potato":7,"minecraft:chiseled_tuff_bricks":6,"minecraft:warped_nylium":1,"minecraft:coal":24,"minecraft:hopper":3,"minecraft:ender_pearl":82},"minecraft:mined":{"minecraft:waxed_cut_copper_slab":1,"minecraft:spruce_planks":11,"minecraft:cherry_log":67,"minecraft:cobblestone_stairs":3,"minecraft:sculk_vein":8,"minecraft:obsidian":5,"minecraft:granite":7,"minecraft:grass_block":453,"minecraft:chiseled_tuff_bricks":7,"minecraft:frosted_ice":1,"minecraft:hopper":3,"minecraft:tuff_bricks":32,"minecraft:spawner":1,"minecraft:fire":2,"minecraft:iron_ore":91,"minecraft:cobbled_deepslate":11,"minecraft:polished_tuff":1,"minecraft:pumpkin":9,"minecraft:fletching_table":1,"minecraft:deepslate_lapis_ore":7,"minecraft:dirt_path":6,"minecraft:iron_bars":2,"minecraft:tripwire":1,"minecraft:crimson_nylium":2,"minecraft:powder_snow":4,"minecraft:torch":8,"minecraft:chest":3,"minecraft:glass":27,"minecraft:nether_quartz_ore":9,"minecraft:cobblestone":20,"minecraft:sugar_cane":5,"minecraft:oak_planks":14,"minecraft:iron_door":5,"minecraft:wall_torch":13,"minecraft:pink_petals":46,"minecraft:waxed_copper_bulb":2,"minecraft:waxed_copper_block":10,"minecraft:tnt":106,"minecraft:oak_log":36,"minecraft:waxed_oxidized_copper":2,"minecraft:sand":319,"minecraft:dirt":202,"minecraft:netherrack":3,"minecraft:oak_leaves":12,"minecraft:deepslate":373,"minecraft:nether_gold_ore":7,"minecraft:tuff":56,"minecraft:deepslate_diamond_ore":83,"minecraft:jack_o_lantern":1,"minecraft:end_stone":10,"minecraft:cobbled_deepslate_slab":1,"minecraft:decorated_pot":8,"minecraft:spruce_leaves":11,"minecraft:oak_trapdoor":1,"minecraft:carrots":1,"minecraft:waxed_copper_grate":2,"minecraft:andesite":48,"minecraft:bell":2,"minecraft:potatoes":3,"minecraft:deepslate_iron_ore":27,"minecraft:cobblestone_slab":1,"minecraft:waxed_weathered_copper_bulb":2,"minecraft:stone":718,"minecraft:white_wool":4,"minecraft:waxed_exposed_copper_bulb":2,"minecraft:scaffolding":1,"minecraft:glass_pane":1,"minecraft:cherry_planks":38,"minecraft:soul_sand":12,"minecraft:crafting_table":4,"minecraft:short_grass":26,"minecraft:tall_grass":4,"minecraft:copper_ore":4,"minecraft:lapis_ore":1,"minecraft:deepslate_gold_ore":12,"minecraft:sculk":17,"minecraft:diorite":16,"minecraft:blue_bed":4,"minecraft:purple_bed":4,"minecraft:waxed_oxidized_copper_grate":4,"minecraft:sweet_berry_bush":19,"minecraft:spruce_log":26,"minecraft:yellow_bed":1,"minecraft:coal_ore":24,"minecraft:cherry_leaves":14,"minecraft:gravel":12,"minecraft:stone_bricks":7,"minecraft:fern":1}},"DataVersion":3955}