{"stats":{"minecraft:killed_by":{"minecraft:creeper":1,"minecraft:zombie":3,"minecraft:illusioner":1,"minecraft:player":12,"minecraft:warden":3,"minecraft:skeleton":2},"minecraft:custom":{"minecraft:interact_with_crafting_table":45,"minecraft:open_barrel":6,"minecraft:bell_ring":69,"minecraft:leave_game":7,"minecraft:time_since_death":5390,"minecraft:sprint_one_cm":568857,"minecraft:damage_blocked_by_shield":4765,"minecraft:drop":121,"minecraft:talked_to_villager":2,"minecraft:play_time":288446,"minecraft:deaths":37,"minecraft:jump":4394,"minecraft:walk_on_water_one_cm":25455,"minecraft:interact_with_furnace":49,"minecraft:sleep_in_bed":12,"minecraft:damage_dealt":22720,"minecraft:player_kills":41,"minecraft:crouch_one_cm":18367,"minecraft:inspect_dispenser":11,"minecraft:mob_kills":90,"minecraft:inspect_hopper":9,"minecraft:climb_one_cm":7631,"minecraft:walk_one_cm":979963,"minecraft:sneak_time":6202,"minecraft:walk_under_water_one_cm":16249,"minecraft:total_world_time":288446,"minecraft:time_since_rest":5421,"minecraft:damage_taken":11541,"minecraft:swim_one_cm":40259,"minecraft:fly_one_cm":595891,"minecraft:open_chest":99,"minecraft:fall_one_cm":109796},"minecraft:killed":{"minecraft:witch":1,"minecraft:spider":2,"minecraft:skeleton":18,"minecraft:bee":1,"minecraft:chicken":5,"minecraft:silverfish":4,"minecraft:illusioner":1,"minecraft:pig":4,"minecraft:salmon":7,"minecraft:creeper":2,"minecraft:sheep":4,"minecraft:zombie":25,"minecraft:stray":3,"minecraft:cow":2,"minecraft:drowned":1,"minecraft:warden":1},"minecraft:picked_up":{"minecraft:wheat":17,"minecraft:flower_pot":1,"minecraft:potion":6,"minecraft:enchanted_book":2,"minecraft:string":3749,"minecraft:waxed_cut_copper_slab":1,"minecraft:raw_copper":13,"minecraft:deepslate_tiles":2,"minecraft:cobbled_deepslate":313,"minecraft:smooth_stone":10,"minecraft:bucket":1,"minecraft:spruce_planks":42,"minecraft:trial_key":7,"minecraft:cobblestone_slab":1,"minecraft:iron_pickaxe":1,"minecraft:tipped_arrow":14,"minecraft:stick":16,"minecraft:torch":216,"minecraft:porkchop":35,"minecraft:cherry_log":50,"minecraft:waxed_weathered_copper_bulb":2,"minecraft:waxed_copper_grate":4,"minecraft:diorite":6,"minecraft:stone_sword":1,"minecraft:rotten_flesh":18,"minecraft:honey_bottle":5,"minecraft:cobblestone":550,"minecraft:pink_petals":334,"minecraft:feather":2,"minecraft:cooked_beef":4,"minecraft:cherry_planks":38,"minecraft:andesite":28,"minecraft:potato":19,"minecraft:flint":1,"minecraft:tuff":30,"minecraft:lapis_lazuli":18,"minecraft:dirt":566,"minecraft:bone":52,"minecraft:bow":3,"minecraft:wheat_seeds":42,"minecraft:raw_gold":12,"minecraft:bell":1,"minecraft:bolt_armor_trim_smithing_template":1,"minecraft:fletching_table":1,"minecraft:oak_planks":48,"minecraft:sand":310,"minecraft:diamond":66,"minecraft:spruce_boat":1,"minecraft:lever":3,"minecraft:granite":2,"minecraft:golden_apple":1,"minecraft:emerald":25,"minecraft:bread":3,"minecraft:jack_o_lantern":1,"minecraft:oak_sapling":14,"minecraft:crafting_table":5,"minecraft:ominous_bottle":2,"minecraft:chicken":23,"minecraft:chest_minecart":1,"minecraft:wooden_pickaxe":1,"minecraft:shield":2,"minecraft:wind_charge":1,"minecraft:flint_and_steel":1,"minecraft:item_frame":1,"minecraft:beef":5,"minecraft:chiseled_tuff":1,"minecraft:poppy":1,"minecraft:sugar_cane":5,"minecraft:chest":3,"minecraft:egg":7,"minecraft:raw_iron":77,"minecraft:copper_ingot":1,"minecraft:carrot":5,"minecraft:arrow":51,"minecraft:decorated_pot":9,"minecraft:pumpkin_pie":1,"minecraft:tuff_bricks":19,"minecraft:mutton":13,"minecraft:white_wool":17,"minecraft:golden_carrot":4,"minecraft:salmon":5,"minecraft:leather":1,"minecraft:waxed_copper_bulb":2,"minecraft:oak_log":36,"minecraft:waxed_copper_block":11,"minecraft:yellow_bed":1,"minecraft:gunpowder":1,"minecraft:cobblestone_stairs":5,"minecraft:blue_bed":4,"minecraft:apple":2,"minecraft:iron_ingot":9,"minecraft:stone_pickaxe":2,"minecraft:cooked_chicken":4,"minecraft:sculk_catalyst":1,"minecraft:scaffolding":17,"minecraft:pumpkin":9,"minecraft:sweet_berries":113,"minecraft:brush":1,"minecraft:waxed_exposed_copper_bulb":1,"minecraft:gravel":9,"minecraft:spruce_sapling":11,"minecraft:spruce_log":24,"minecraft:spider_eye":1,"minecraft:leather_helmet":1,"minecraft:purple_bed":5,"minecraft:stone_axe":2,"minecraft:cherry_sapling":7,"minecraft:baked_potato":7,"minecraft:chiseled_tuff_bricks":2,"minecraft:coal":8,"minecraft:hopper":3},"minecraft:used":{"minecraft:tuff_bricks":8,"minecraft:cherry_sapling":2,"minecraft:poppy":1,"minecraft:decorated_pot":1,"minecraft:chest":7,"minecraft:shield":107,"minecraft:bell":1,"minecraft:rotten_flesh":1,"minecraft:waxed_copper_grate":4,"minecraft:spruce_boat":1,"minecraft:villager_spawn_egg":15,"minecraft:bow":108,"minecraft:sweet_berries":25,"minecraft:scaffolding":10,"minecraft:furnace":4,"minecraft:oak_sapling":3,"minecraft:egg":3,"minecraft:potato":4,"minecraft:spruce_door":2,"minecraft:stone_pickaxe":652,"minecraft:oak_planks":94,"minecraft:wooden_pickaxe":12,"minecraft:blue_bed":4,"minecraft:diamond_axe":285,"minecraft:white_wool":2,"minecraft:lingering_potion":1,"minecraft:bread":3,"minecraft:string":18,"minecraft:gravel":4,"minecraft:diamond_sword":336,"minecraft:chain":53,"minecraft:waxed_copper_bulb":1,"minecraft:flint_and_steel":8,"minecraft:cooked_chicken":18,"minecraft:trial_key":6,"minecraft:torch":43,"minecraft:dirt":229,"minecraft:hopper":3,"minecraft:wooden_axe":18,"minecraft:oak_stairs":15,"minecraft:golden_carrot":2,"minecraft:cooked_beef":2,"minecraft:cobbled_deepslate":558,"minecraft:cherry_log":3,"minecraft:cooked_mutton":3,"minecraft:water_bucket":30,"minecraft:cobblestone_stairs":25,"minecraft:baked_potato":16,"minecraft:cherry_planks":410,"minecraft:cobblestone_slab":6,"minecraft:waxed_copper_block":7,"minecraft:crafting_table":6,"minecraft:diamond_pickaxe":172,"minecraft:diamond_shovel":971,"minecraft:cherry_door":3,"minecraft:iron_pickaxe":162,"minecraft:stone_axe":15,"minecraft:pink_petals":38,"minecraft:cobblestone":173,"minecraft:potion":1,"minecraft:purple_bed":5,"minecraft:porkchop":16,"minecraft:bucket":32,"minecraft:glass_pane":24,"minecraft:yellow_bed":1,"minecraft:pumpkin_pie":1,"minecraft:brush":12,"minecraft:stripped_oak_log":74,"minecraft:sculk_catalyst":1,"minecraft:smooth_stone":3,"minecraft:splash_potion":196},"minecraft:broken":{"minecraft:diamond_helmet":1,"minecraft:stone_pickaxe":4,"minecraft:diamond_boots":1,"minecraft:diamond_leggings":1,"minecraft:shield":1},"minecraft:mined":{"minecraft:waxed_cut_copper_slab":1,"minecraft:spruce_planks":11,"minecraft:cobblestone_stairs":3,"minecraft:cherry_log":50,"minecraft:sculk_vein":7,"minecraft:granite":2,"minecraft:grass_block":449,"minecraft:chiseled_tuff_bricks":3,"minecraft:hopper":3,"minecraft:tuff_bricks":13,"minecraft:iron_ore":53,"minecraft:cobbled_deepslate":4,"minecraft:polished_tuff":1,"minecraft:pumpkin":9,"minecraft:deepslate_lapis_ore":4,"minecraft:fletching_table":1,"minecraft:dirt_path":6,"minecraft:tripwire":1,"minecraft:powder_snow":4,"minecraft:torch":6,"minecraft:chest":3,"minecraft:glass":27,"minecraft:cobblestone":19,"minecraft:oak_planks":14,"minecraft:sugar_cane":2,"minecraft:wall_torch":13,"minecraft:pink_petals":46,"minecraft:waxed_copper_bulb":2,"minecraft:waxed_copper_block":9,"minecraft:oak_log":36,"minecraft:waxed_oxidized_copper":2,"minecraft:sand":318,"minecraft:dirt":182,"minecraft:oak_leaves":12,"minecraft:deepslate":212,"minecraft:tuff":30,"minecraft:deepslate_diamond_ore":54,"minecraft:jack_o_lantern":1,"minecraft:decorated_pot":8,"minecraft:spruce_leaves":11,"minecraft:carrots":1,"minecraft:waxed_copper_grate":2,"minecraft:andesite":31,"minecraft:bell":1,"minecraft:potatoes":3,"minecraft:cobblestone_slab":1,"minecraft:deepslate_iron_ore":24,"minecraft:waxed_weathered_copper_bulb":2,"minecraft:stone":470,"minecraft:white_wool":4,"minecraft:waxed_exposed_copper_bulb":2,"minecraft:scaffolding":1,"minecraft:glass_pane":1,"minecraft:cherry_planks":38,"minecraft:crafting_table":4,"minecraft:short_grass":26,"minecraft:tall_grass":4,"minecraft:copper_ore":4,"minecraft:deepslate_gold_ore":12,"minecraft:sculk":1,"minecraft:diorite":6,"minecraft:blue_bed":4,"minecraft:purple_bed":4,"minecraft:waxed_oxidized_copper_grate":4,"minecraft:sweet_berry_bush":18,"minecraft:spruce_log":26,"minecraft:yellow_bed":1,"minecraft:coal_ore":8,"minecraft:cherry_leaves":9,"minecraft:gravel":10,"minecraft:fern":1},"minecraft:dropped":{"minecraft:glass_bottle":1,"minecraft:diamond":11,"minecraft:decorated_pot":3,"minecraft:leather_helmet":1,"minecraft:dirt":74,"minecraft:waxed_cut_copper_slab":1,"minecraft:cobbled_deepslate":52,"minecraft:rotten_flesh":14,"minecraft:oak_planks":30,"minecraft:waxed_copper_block":3,"minecraft:deepslate_tiles":2,"minecraft:lingering_potion":3,"minecraft:chiseled_tuff":1,"minecraft:glass":2,"minecraft:scaffolding":8,"minecraft:splash_potion":3,"minecraft:egg":3,"minecraft:enchanted_book":2,"minecraft:iron_ingot":5,"minecraft:wheat_seeds":10,"minecraft:iron_helmet":1,"minecraft:feather":2,"minecraft:cobblestone":69,"minecraft:spruce_door":1,"minecraft:stick":5,"minecraft:diorite":3,"minecraft:torch":361,"minecraft:cherry_planks":36,"minecraft:potion":1,"minecraft:smooth_stone":7,"minecraft:string":2783,"minecraft:pink_petals":13,"minecraft:bamboo_planks":5,"minecraft:tuff_bricks":5,"minecraft:stripped_oak_log":1,"minecraft:flint_and_steel":1,"minecraft:potato":1,"minecraft:shield":3,"minecraft:flower_pot":1,"minecraft:trial_key":1,"minecraft:spruce_planks":18,"minecraft:iron_chestplate":1,"minecraft:andesite":16,"minecraft:spider_eye":1,"minecraft:bow":2,"minecraft:stone_pickaxe":1},"minecraft:crafted":{"minecraft:oak_planks":48,"minecraft:cobblestone_slab":6,"minecraft:cooked_chicken":16,"minecraft:cobblestone_stairs":24,"minecraft:diamond_shovel":1,"minecraft:cooked_mutton":3,"minecraft:glass":26,"minecraft:diamond_helmet":2,"minecraft:diamond_leggings":1,"minecraft:bow":1,"minecraft:chest":4,"minecraft:arrow":12,"minecraft:diamond_axe":1,"minecraft:crafting_table":2,"minecraft:spruce_planks":44,"minecraft:wooden_pickaxe":1,"minecraft:iron_helmet":1,"minecraft:spruce_door":3,"minecraft:pumpkin_seeds":4,"minecraft:iron_chestplate":1,"minecraft:diamond_pickaxe":1,"minecraft:shield":4,"minecraft:stick":32,"minecraft:iron_ingot":19,"minecraft:stone_sword":1,"minecraft:cherry_planks":188,"minecraft:furnace":4,"minecraft:pink_dye":4,"minecraft:glass_pane":64,"minecraft:flint_and_steel":1,"minecraft:stone_pickaxe":5,"minecraft:diamond_boots":2,"minecraft:diamond_sword":1,"minecraft:bucket":1,"minecraft:stone_axe":1,"minecraft:air":0,"minecraft:wooden_axe":1,"minecraft:cherry_door":3,"minecraft:diamond_chestplate":1}},"DataVersion":3955}