{"stats":{"minecraft:used":{"minecraft:stone_pickaxe":8,"minecraft:dirt":3,"minecraft:mutton":1,"farmersdelight:flint_knife":32,"minecraft:crafting_table":2,"minecraft:gravel":7,"betterbeginnings:stone_hatchet":36},"minecraft:picked_up":{"minecraft:crafting_table":3,"minecraft:feather":2,"minecraft:chicken":2,"minecraft:flint":1,"minecraft:oak_log":5,"minecraft:cobblestone_stairs":1,"farmersdelight:flint_knife":1,"minecraft:dirt":3,"minecraft:bow":2,"minecraft:wheat_seeds":32,"minecraft:orange_tulip":2,"farmersdelight:straw":14,"minecraft:beef":3,"betterbeginnings:rock_block":20,"minecraft:stone_pickaxe":1,"minecraft:iron_sword":3,"minecraft:birch_sapling":4,"minecraft:oak_planks":16,"minecraft:stick":13,"minecraft:gravel":9,"mmorpg:weapon/staff/wood":1,"minecraft:spruce_log":2,"betterbeginnings:stone_hatchet":1,"minecraft:rotten_flesh":2,"minecraft:crossbow":6,"alexsmobs:maggot":4,"minecraft:mutton":1,"alexsmobs:lobster_tail":1,"minecraft:white_wool":2,"minecraft:cobblestone":11},"minecraft:mined":{"minecraft:cobblestone_stairs":1,"minecraft:crafting_table":2,"betterbeginnings:rock_block":18,"minecraft:grass_block":3,"minecraft:tall_grass":15,"minecraft:cobblestone":7,"minecraft:tall_seagrass":1,"minecraft:spruce_log":2,"minecraft:birch_leaves":11,"minecraft:orange_tulip":1,"minecraft:grass":43,"minecraft:oak_log":5,"minecraft:gravel":9,"minecraft:oak_leaves":16,"minecraft:fern":1},"minecraft:custom":{"minecraft:blood":0,"minecraft:mob_kills":6,"minecraft:dexterity":2,"minecraft:intelligence":0,"minecraft:move_speed":0,"minecraft:interact_with_crafting_table":3,"minecraft:leave_game":1,"minecraft:time_since_death":9342,"minecraft:sleep_in_bed":1,"minecraft:mana":50,"minecraft:time_since_rest":9436,"minecraft:magic_shield":0,"minecraft:sprint_one_cm":88804,"minecraft:damage_absorbed":701,"minecraft:damage_taken":1736,"minecraft:walk_one_cm":44464,"minecraft:damage_dealt":802,"minecraft:health":70,"minecraft:swim_one_cm":10254,"minecraft:fly_one_cm":170486,"minecraft:crouch_one_cm":24,"minecraft:play_time":53413,"minecraft:deaths":5,"minecraft:sneak_time":72,"minecraft:walk_under_water_one_cm":3920,"minecraft:jump":596,"minecraft:energy":70,"minecraft:walk_on_water_one_cm":2749,"minecraft:strength":0,"minecraft:total_world_time":53413,"minecraft:fall_one_cm":15039},"minecraft:killed":{"alexsmobs:lobster":1,"minecraft:sheep":1,"scguns:redcoat":1,"minecraft:chicken":1,"alexsmobs:fly":1,"minecraft:cow":1},"minecraft:killed_by":{"minecraft:player":1,"scguns:dissident":1,"minecraft:creeper":1,"minecraft:zombie":1,"scguns:cog_minion":1},"minecraft:crafted":{"minecraft:oak_planks":20,"minecraft:crafting_table":1,"farmersdelight:flint_knife":1,"minecraft:cobblestone":3,"betterbeginnings:stone_hatchet":1,"minecraft:stone_pickaxe":1}},"DataVersion":3465}