{"stats":{"minecraft:used":{"minecraft:stone_pickaxe":12,"minecraft:iron_sword":109,"minecraft:dirt":3,"minecraft:mutton":1,"farmersdelight:flint_knife":60,"minecraft:crafting_table":3,"minecraft:gravel":7,"betterbeginnings:stone_hatchet":44,"minecraft:porkchop":1},"minecraft:picked_up":{"minecraft:crafting_table":3,"minecraft:feather":2,"minecraft:chicken":2,"minecraft:leather":2,"minecraft:wooden_pickaxe":1,"minecraft:flint":3,"minecraft:oak_log":5,"minecraft:gunpowder":1,"minecraft:cobblestone_stairs":1,"farmersdelight:flint_knife":3,"minecraft:dirt":3,"minecraft:bone":4,"minecraft:bow":3,"minecraft:orange_tulip":2,"minecraft:wheat_seeds":32,"farmersdelight:straw":14,"minecraft:spruce_planks":9,"minecraft:stone_pickaxe":1,"minecraft:beef":7,"betterbeginnings:rock_block":42,"minecraft:poppy":1,"minecraft:oak_planks":16,"mmorpg:offhand/tome/iron":4,"minecraft:birch_sapling":4,"minecraft:iron_sword":21,"minecraft:iron_boots":1,"minecraft:stick":30,"minecraft:gravel":18,"minecraft:porkchop":4,"mmorpg:stat_soul":2,"minecraft:spruce_sapling":1,"minecraft:ink_sac":9,"mmorpg:weapon/staff/wood":1,"minecraft:spruce_log":6,"betterbeginnings:stone_hatchet":1,"minecraft:arrow":4,"minecraft:rotten_flesh":7,"minecraft:hay_block":8,"minecraft:crossbow":7,"alexsmobs:maggot":4,"minecraft:netherrack":1,"minecraft:mutton":1,"alexsmobs:lobster_tail":1,"minecraft:white_wool":2,"minecraft:cobblestone":11},"minecraft:mined":{"minecraft:cobblestone_stairs":1,"minecraft:crafting_table":2,"betterbeginnings:rock_block":35,"minecraft:grass_block":3,"minecraft:poppy":1,"minecraft:tall_grass":20,"minecraft:cobblestone":7,"minecraft:spruce_leaves":20,"minecraft:hay_block":8,"minecraft:tall_seagrass":1,"minecraft:spruce_log":6,"minecraft:birch_leaves":11,"minecraft:orange_tulip":1,"minecraft:grass":61,"minecraft:oak_log":5,"minecraft:gravel":14,"minecraft:oak_leaves":16,"minecraft:fern":2},"minecraft:custom":{"minecraft:blood":0,"minecraft:mob_kills":15,"minecraft:dexterity":7,"minecraft:intelligence":5,"minecraft:move_speed":0,"minecraft:interact_with_crafting_table":4,"minecraft:leave_game":2,"minecraft:time_since_death":12647,"minecraft:sleep_in_bed":1,"minecraft:mana":102,"minecraft:time_since_rest":12673,"minecraft:magic_shield":0,"minecraft:sprint_one_cm":156202,"minecraft:damage_absorbed":1339,"minecraft:damage_taken":4096,"minecraft:walk_one_cm":90396,"minecraft:damage_dealt":2100,"minecraft:health":120,"minecraft:swim_one_cm":13667,"minecraft:talked_to_villager":2,"minecraft:fly_one_cm":257353,"minecraft:open_chest":3,"minecraft:crouch_one_cm":1127,"minecraft:play_time":89152,"minecraft:deaths":11,"minecraft:sneak_time":699,"minecraft:walk_under_water_one_cm":8568,"minecraft:jump":1114,"minecraft:energy":120,"minecraft:walk_on_water_one_cm":5969,"minecraft:strength":10,"minecraft:total_world_time":89152,"minecraft:fall_one_cm":30694},"minecraft:killed":{"alexsmobs:lobster":1,"minecraft:pig":2,"minecraft:sheep":1,"scguns:redcoat":1,"minecraft:zombie":3,"alexsmobs:terrapin":1,"minecraft:chicken":1,"mmorpg:zombie":1,"alexsmobs:fly":1,"minecraft:cow":3},"minecraft:killed_by":{"minecraft:player":1,"scguns:dissident":1,"minecraft:skeleton":2,"minecraft:creeper":2,"minecraft:zombie":3,"scguns:cog_minion":1},"minecraft:crafted":{"minecraft:oak_planks":20,"minecraft:crafting_table":3,"farmersdelight:flint_knife":3,"minecraft:cobblestone":3,"betterbeginnings:stone_hatchet":1,"minecraft:stone_pickaxe":2,"minecraft:wheat":72}},"DataVersion":3465}