{"stats":{"minecraft:used":{"minecraft:gravel":7,"minecraft:dirt":3},"minecraft:picked_up":{"minecraft:stick":12,"minecraft:gravel":7,"mmorpg:weapon/staff/wood":1,"minecraft:dirt":3,"minecraft:bow":2,"minecraft:wheat_seeds":9,"betterbeginnings:rock_block":7,"minecraft:beef":3,"alexsmobs:maggot":2,"minecraft:white_wool":1,"minecraft:mutton":1,"minecraft:birch_sapling":2,"minecraft:iron_sword":3,"alexsmobs:lobster_tail":1},"minecraft:mined":{"minecraft:tall_seagrass":1,"minecraft:birch_leaves":11,"minecraft:grass":6,"betterbeginnings:rock_block":7,"minecraft:grass_block":3,"minecraft:gravel":7,"minecraft:tall_grass":4,"minecraft:oak_leaves":16},"minecraft:custom":{"minecraft:time_since_rest":8667,"minecraft:blood":0,"minecraft:magic_shield":0,"minecraft:sprint_one_cm":62261,"minecraft:damage_taken":1127,"minecraft:walk_one_cm":25224,"minecraft:damage_absorbed":553,"minecraft:mob_kills":4,"minecraft:dexterity":0,"minecraft:intelligence":0,"minecraft:damage_dealt":719,"minecraft:health":70,"minecraft:move_speed":0,"minecraft:swim_one_cm":10254,"minecraft:fly_one_cm":70644,"minecraft:crouch_one_cm":24,"minecraft:play_time":29413,"minecraft:deaths":3,"minecraft:sneak_time":65,"minecraft:walk_under_water_one_cm":3920,"minecraft:jump":427,"minecraft:energy":50,"minecraft:leave_game":1,"minecraft:time_since_death":4626,"minecraft:walk_on_water_one_cm":2037,"minecraft:strength":0,"minecraft:total_world_time":29413,"minecraft:fall_one_cm":11393,"minecraft:mana":50},"minecraft:killed":{"minecraft:sheep":1,"alexsmobs:lobster":1,"alexsmobs:fly":1,"minecraft:cow":1},"minecraft:killed_by":{"minecraft:player":1,"scguns:dissident":1,"minecraft:creeper":1}},"DataVersion":3465}