{"stats":{"minecraft:used":{"minecraft:iron_sword":466,"minecraft:zombie_spawn_egg":97,"minecraft:rotten_flesh":2,"minecraft:netherrack":1,"minecraft:dirt":47,"betterbeginnings:copper_pickaxe":18,"minecraft:mutton":1,"farmersdelight:flint_knife":60,"minecraft:carrot":2,"minecraft:iron_helmet":2,"minecraft:iron_boots":1,"alexscaves:spelunkery_table":1,"minecraft:bow":3,"minecraft:beef":5,"minecraft:cobbled_deepslate":1,"scguns:arc_worker":1,"travelersbackpack:cow":2,"minecraft:stone_pickaxe":29,"minecraft:crafting_table":4,"mofus_better_end_:greater_endermitee_spawn_egg":4,"alexscaves:cave_book":1,"minecraft:endermite_spawn_egg":34,"bosses_of_mass_destruction:soul_star":6,"minecraft:oak_log":1,"minecraft:bread":4,"minecraft:string":1,"minecraft:iron_pickaxe":49,"minecraft:gravel":12,"mmorpg:weapon/staff/wood":92,"betterbeginnings:stone_hatchet":44,"minecraft:cobblestone":2,"minecraft:porkchop":1,"minecraft:andesite":10},"minecraft:dropped":{"minecraft:iron_ingot":1,"minecraft:wheat_seeds":2,"minecraft:iron_helmet":1,"minecraft:cobblestone":1,"mmorpg:weapon/staff/wood":1,"minecraft:dirt":1,"minecraft:iron_leggings":1,"minecraft:oak_door":1,"minecraft:zombie_spawn_egg":18,"minecraft:iron_boots":1,"minecraft:iron_chestplate":1,"minecraft:raw_gold":1,"mmorpg:newbie_gear_bag":3},"minecraft:picked_up":{"minecraft:iron_chestplate":3,"minecraft:crafting_table":3,"minecraft:chicken":2,"mmorpg:skill_gems/aura/str":4,"minecraft:wooden_pickaxe":4,"mmorpg:jewelry/ring/iron":3,"alexscaves:cave_tablet":12,"minecraft:shield":6,"minecraft:string":27,"minecraft:raw_copper":16,"minecraft:iron_leggings":4,"minecraft:iron_shovel":2,"minecraft:cobbled_deepslate":12,"bosses_of_mass_destruction:soul_star":10,"minecraft:spruce_planks":11,"betterbeginnings:rock_block":60,"minecraft:beef":49,"farmersdelight:straw":14,"minecraft:poppy":7,"minecraft:iron_pickaxe":2,"mmorpg:offhand/tome/iron":12,"minecraft:birch_sapling":4,"minecraft:iron_boots":11,"minecraft:stick":52,"minecraft:raw_iron":16,"minecraft:oak_door":1,"minecraft:copper_ingot":2,"mmorpg:newbie_gear_bag":1,"minecraft:porkchop":22,"farmersdelight:tomato_seeds":24,"mmorpg:jewelry/necklace/iron":2,"mmorpg:skill_gems/support/int":2,"minecraft:carrot":3,"minecraft:zombie_spawn_egg":128,"minecraft:arrow":4,"minecraft:rotten_flesh":361,"minecraft:hay_block":8,"alexscaves:spelunkery_table":1,"minecraft:mutton":1,"minecraft:cobblestone":12,"minecraft:white_wool":6,"alexsmobs:lobster_tail":1,"minecraft:feather":2,"minecraft:andesite":15,"minecraft:black_bed":4,"minecraft:leather":8,"mmorpg:gems/azurite/0":3,"mmorpg:chest/common_gear":1,"alexsmobs:bison_fur":6,"minecraft:flint":6,"alexscaves:cave_book":4,"minecraft:oak_log":6,"minecraft:gunpowder":9,"minecraft:cobblestone_stairs":1,"farmersdelight:flint_knife":3,"minecraft:dirt":52,"minecraft:paper":84,"scguns:anthralite_nugget":3,"minecraft:cooked_mutton":9,"scguns:powder_and_ball":3,"minecraft:bone":10,"minecraft:apple":6,"minecraft:bow":16,"minecraft:wheat_seeds":36,"minecraft:orange_tulip":2,"minecraft:raw_gold":2,"minecraft:iron_ingot":2,"minecraft:stone_pickaxe":4,"minecraft:iron_sword":33,"minecraft:oak_planks":16,"mmorpg:currency/jewel_upgrade_affix":1,"mmorpg:stat_soul":2,"minecraft:gravel":23,"minecraft:spruce_sapling":1,"minecraft:ink_sac":9,"mmorpg:weapon/staff/wood":10,"minecraft:spruce_log":6,"minecraft:spider_eye":6,"minecraft:mossy_cobblestone":1,"minecraft:leather_helmet":1,"betterbeginnings:stone_hatchet":1,"minecraft:diamond":11,"minecraft:iron_helmet":7,"minecraft:crossbow":13,"minecraft:bread":77,"alexsmobs:maggot":4,"minecraft:oak_sapling":12,"minecraft:netherrack":5,"iceandfire:raw_silver":12},"minecraft:mined":{"alexscaves:spelunkery_table":1,"minecraft:mossy_cobblestone":1,"iceandfire:silver_ore":2,"minecraft:deepslate_diamond_ore":11,"minecraft:cobblestone_stairs":1,"minecraft:grass_block":8,"iceandfire:deepslate_silver_ore":4,"minecraft:spruce_leaves":20,"minecraft:hay_block":8,"minecraft:tall_seagrass":1,"minecraft:iron_ore":3,"minecraft:andesite":12,"minecraft:peony":4,"minecraft:deepslate_iron_ore":6,"minecraft:white_wool":1,"minecraft:tripwire":1,"minecraft:crafting_table":2,"betterbeginnings:rock_block":35,"minecraft:poppy":1,"minecraft:cobblestone":8,"minecraft:tall_grass":22,"minecraft:deepslate_gold_ore":1,"minecraft:wall_torch":1,"minecraft:gray_bed":1,"minecraft:spruce_log":6,"minecraft:birch_leaves":11,"minecraft:orange_tulip":1,"minecraft:black_bed":2,"minecraft:grass":61,"minecraft:oak_log":5,"minecraft:gravel":19,"minecraft:dirt":36,"minecraft:cobweb":1,"minecraft:oak_leaves":16,"minecraft:deepslate":11,"minecraft:fern":2},"minecraft:broken":{"minecraft:leather_helmet":1,"minecraft:iron_sword":1},"minecraft:custom":{"minecraft:blood":0,"minecraft:mob_kills":245,"minecraft:dexterity":42,"minecraft:interact_with_crafting_table":10,"minecraft:open_barrel":2,"minecraft:leave_game":2,"minecraft:time_since_death":58430,"minecraft:climb_one_cm":1653,"minecraft:mana":718,"minecraft:magic_shield":21,"minecraft:sprint_one_cm":320763,"minecraft:walk_one_cm":332121,"minecraft:drop":32,"minecraft:health":806,"minecraft:talked_to_villager":2,"minecraft:play_time":203152,"minecraft:deaths":22,"minecraft:sneak_time":6096,"minecraft:walk_under_water_one_cm":13911,"minecraft:jump":2326,"minecraft:energy":740,"minecraft:walk_on_water_one_cm":15936,"minecraft:total_world_time":203152,"minecraft:interact_with_furnace":3,"minecraft:intelligence":35,"minecraft:move_speed":0,"minecraft:interact_with_loom":6,"minecraft:sleep_in_bed":2,"minecraft:levels_gained":28,"minecraft:time_since_rest":58467,"minecraft:damage_taken":11073,"minecraft:damage_absorbed":5001,"minecraft:damage_dealt":5482,"minecraft:swim_one_cm":16772,"minecraft:fly_one_cm":516395,"minecraft:open_chest":3,"minecraft:crouch_one_cm":9100,"minecraft:strength":55,"minecraft:fall_one_cm":58824},"minecraft:killed":{"alexsmobs:lobster":1,"minecraft:cave_spider":1,"minecraft:endermite":33,"minecraft:spider":6,"scguns:redcoat":1,"minecraft:chicken":1,"mmorpg:zombie":5,"alexsmobs:bison":1,"mofus_better_end_:small_end_guardian":20,"minecraft:pig":2,"mmorpg:spider":1,"minecraft:creeper":3,"minecraft:sheep":1,"minecraft:zombie":161,"alexsmobs:terrapin":1,"alexsmobs:fly":1,"minecraft:cow":3},"minecraft:killed_by":{"minecraft:player":1,"scguns:dissident":1,"minecraft:creeper":2,"minecraft:spider":2,"minecraft:cave_spider":1,"minecraft:skeleton":6,"minecraft:zombie":5,"scguns:cog_minion":1},"minecraft:crafted":{"minecraft:oak_planks":20,"betterbeginnings:copper_pickaxe":1,"minecraft:cooked_mutton":3,"minecraft:diamond_helmet":1,"minecraft:stone_pickaxe":2,"minecraft:wheat":72,"minecraft:crafting_table":3,"farmersdelight:flint_knife":3,"minecraft:copper_ingot":3,"minecraft:bread":24,"minecraft:air":0,"minecraft:cobblestone":5,"betterbeginnings:stone_hatchet":1,"minecraft:diamond_chestplate":1}},"DataVersion":3465}