{"stats":{"minecraft:picked_up":{"minecraft:stick":7,"minecraft:bow":2,"minecraft:beef":3,"mmorpg:weapon/staff/wood":1,"minecraft:iron_sword":3},"minecraft:mined":{"minecraft:oak_leaves":16},"minecraft:custom":{"minecraft:time_since_rest":262,"minecraft:blood":0,"minecraft:magic_shield":0,"minecraft:crouch_one_cm":1,"minecraft:deaths":1,"minecraft:play_time":12835,"minecraft:sprint_one_cm":20594,"minecraft:damage_absorbed":61,"minecraft:damage_taken":318,"minecraft:walk_one_cm":9976,"minecraft:sneak_time":8,"minecraft:mob_kills":1,"minecraft:dexterity":0,"minecraft:jump":156,"minecraft:intelligence":0,"minecraft:energy":50,"minecraft:damage_dealt":274,"minecraft:leave_game":1,"minecraft:health":70,"minecraft:time_since_death":237,"minecraft:move_speed":0,"minecraft:strength":0,"minecraft:total_world_time":12835,"minecraft:mana":50,"minecraft:fall_one_cm":6153,"minecraft:fly_one_cm":16688},"minecraft:killed":{"minecraft:cow":1},"minecraft:killed_by":{"minecraft:player":1}},"DataVersion":3465}