{"stats":{"minecraft:used":{"minecraft:stone_pickaxe":28,"minecraft:iron_sword":247,"minecraft:dirt":4,"minecraft:mutton":1,"farmersdelight:flint_knife":60,"minecraft:crafting_table":4,"minecraft:oak_log":1,"minecraft:bread":4,"minecraft:iron_helmet":1,"minecraft:gravel":11,"alexscaves:spelunkery_table":1,"betterbeginnings:stone_hatchet":44,"minecraft:cobblestone":2,"minecraft:bow":3,"minecraft:porkchop":1},"minecraft:picked_up":{"minecraft:crafting_table":3,"minecraft:feather":2,"minecraft:chicken":2,"minecraft:black_bed":1,"minecraft:leather":8,"minecraft:wooden_pickaxe":4,"minecraft:flint":3,"minecraft:oak_log":6,"minecraft:gunpowder":4,"minecraft:cobblestone_stairs":1,"farmersdelight:flint_knife":3,"minecraft:dirt":4,"minecraft:bone":10,"minecraft:apple":3,"minecraft:bow":3,"minecraft:orange_tulip":2,"minecraft:wheat_seeds":32,"farmersdelight:straw":14,"minecraft:spruce_planks":11,"minecraft:stone_pickaxe":4,"minecraft:beef":19,"betterbeginnings:rock_block":60,"minecraft:poppy":4,"minecraft:oak_planks":16,"mmorpg:offhand/tome/iron":7,"minecraft:birch_sapling":4,"minecraft:iron_sword":25,"minecraft:iron_boots":1,"minecraft:stick":36,"minecraft:gravel":19,"minecraft:porkchop":13,"mmorpg:stat_soul":2,"farmersdelight:tomato_seeds":12,"minecraft:spruce_sapling":1,"minecraft:ink_sac":9,"mmorpg:weapon/staff/wood":1,"minecraft:spruce_log":6,"betterbeginnings:stone_hatchet":1,"minecraft:arrow":4,"minecraft:rotten_flesh":11,"alexscaves:spelunkery_table":1,"minecraft:iron_helmet":3,"minecraft:hay_block":8,"minecraft:crossbow":10,"minecraft:bread":77,"alexsmobs:maggot":4,"minecraft:oak_sapling":6,"minecraft:netherrack":4,"minecraft:mutton":1,"alexsmobs:lobster_tail":1,"minecraft:white_wool":3,"minecraft:cobblestone":11},"minecraft:broken":{"minecraft:iron_sword":1},"minecraft:mined":{"alexscaves:spelunkery_table":1,"minecraft:cobblestone_stairs":1,"minecraft:crafting_table":2,"betterbeginnings:rock_block":35,"minecraft:grass_block":3,"minecraft:poppy":1,"minecraft:tall_grass":20,"minecraft:cobblestone":7,"minecraft:spruce_leaves":20,"minecraft:hay_block":8,"minecraft:tall_seagrass":1,"minecraft:black_bed":1,"minecraft:spruce_log":6,"minecraft:birch_leaves":11,"minecraft:orange_tulip":1,"minecraft:grass":61,"minecraft:oak_log":5,"minecraft:gravel":14,"minecraft:white_wool":1,"minecraft:oak_leaves":16,"minecraft:fern":2},"minecraft:custom":{"minecraft:blood":0,"minecraft:interact_with_furnace":1,"minecraft:mob_kills":18,"minecraft:dexterity":7,"minecraft:intelligence":5,"minecraft:move_speed":0,"minecraft:interact_with_crafting_table":5,"minecraft:open_barrel":1,"minecraft:interact_with_loom":2,"minecraft:leave_game":2,"minecraft:time_since_death":1952,"minecraft:sleep_in_bed":1,"minecraft:climb_one_cm":245,"minecraft:mana":102,"minecraft:time_since_rest":1983,"minecraft:magic_shield":0,"minecraft:sprint_one_cm":199376,"minecraft:damage_absorbed":1339,"minecraft:damage_taken":6141,"minecraft:walk_one_cm":132292,"minecraft:damage_dealt":2296,"minecraft:health":120,"minecraft:swim_one_cm":13667,"minecraft:talked_to_villager":2,"minecraft:fly_one_cm":290731,"minecraft:open_chest":3,"minecraft:crouch_one_cm":1579,"minecraft:play_time":101152,"minecraft:deaths":14,"minecraft:sneak_time":1360,"minecraft:walk_under_water_one_cm":8568,"minecraft:jump":1386,"minecraft:energy":120,"minecraft:walk_on_water_one_cm":11396,"minecraft:strength":10,"minecraft:total_world_time":101152,"minecraft:fall_one_cm":36764},"minecraft:killed":{"alexsmobs:lobster":1,"minecraft:pig":2,"minecraft:sheep":1,"scguns:redcoat":1,"minecraft:zombie":6,"alexsmobs:terrapin":1,"minecraft:chicken":1,"mmorpg:zombie":1,"alexsmobs:fly":1,"minecraft:cow":3},"minecraft:killed_by":{"minecraft:player":1,"scguns:dissident":1,"minecraft:skeleton":2,"minecraft:creeper":2,"minecraft:spider":2,"minecraft:zombie":4,"scguns:cog_minion":1},"minecraft:crafted":{"minecraft:oak_planks":20,"minecraft:crafting_table":3,"farmersdelight:flint_knife":3,"minecraft:bread":24,"minecraft:cobblestone":5,"betterbeginnings:stone_hatchet":1,"minecraft:stone_pickaxe":2,"minecraft:wheat":72}},"DataVersion":3465}