{"stats":{"minecraft:dropped":{"minecraft:dirt":1,"minecraft:zombie_spawn_egg":18,"mmorpg:newbie_gear_bag":3},"minecraft:used":{"minecraft:iron_sword":307,"minecraft:zombie_spawn_egg":92,"minecraft:rotten_flesh":2,"minecraft:netherrack":1,"minecraft:dirt":44,"betterbeginnings:copper_pickaxe":18,"minecraft:mutton":1,"farmersdelight:flint_knife":60,"minecraft:iron_helmet":1,"minecraft:iron_boots":1,"alexscaves:spelunkery_table":1,"minecraft:bow":3,"minecraft:cobbled_deepslate":1,"scguns:arc_worker":1,"minecraft:stone_pickaxe":29,"minecraft:crafting_table":4,"alexscaves:cave_book":1,"bosses_of_mass_destruction:soul_star":6,"minecraft:oak_log":1,"minecraft:bread":4,"minecraft:string":1,"minecraft:iron_pickaxe":18,"minecraft:gravel":12,"mmorpg:weapon/staff/wood":2,"betterbeginnings:stone_hatchet":44,"minecraft:cobblestone":2,"minecraft:porkchop":1,"minecraft:andesite":10},"minecraft:picked_up":{"minecraft:iron_chestplate":3,"minecraft:crafting_table":3,"minecraft:chicken":2,"mmorpg:skill_gems/aura/str":4,"minecraft:wooden_pickaxe":4,"mmorpg:jewelry/ring/iron":3,"alexscaves:cave_tablet":12,"minecraft:shield":6,"minecraft:string":26,"minecraft:raw_copper":16,"minecraft:iron_leggings":3,"minecraft:iron_shovel":2,"minecraft:cobbled_deepslate":1,"bosses_of_mass_destruction:soul_star":10,"minecraft:spruce_planks":11,"betterbeginnings:rock_block":60,"minecraft:beef":49,"farmersdelight:straw":14,"minecraft:poppy":7,"minecraft:iron_pickaxe":2,"mmorpg:offhand/tome/iron":11,"minecraft:birch_sapling":4,"minecraft:iron_boots":10,"minecraft:stick":52,"minecraft:raw_iron":9,"minecraft:copper_ingot":2,"mmorpg:newbie_gear_bag":1,"minecraft:porkchop":22,"farmersdelight:tomato_seeds":24,"mmorpg:jewelry/necklace/iron":2,"minecraft:carrot":3,"minecraft:zombie_spawn_egg":128,"minecraft:arrow":4,"minecraft:rotten_flesh":357,"minecraft:hay_block":8,"alexscaves:spelunkery_table":1,"minecraft:mutton":1,"minecraft:cobblestone":11,"minecraft:white_wool":6,"alexsmobs:lobster_tail":1,"minecraft:feather":2,"minecraft:andesite":15,"minecraft:black_bed":4,"minecraft:leather":8,"mmorpg:gems/azurite/0":3,"alexsmobs:bison_fur":6,"minecraft:flint":6,"alexscaves:cave_book":4,"minecraft:oak_log":6,"minecraft:gunpowder":9,"minecraft:cobblestone_stairs":1,"farmersdelight:flint_knife":3,"minecraft:dirt":52,"minecraft:paper":84,"minecraft:cooked_mutton":9,"scguns:powder_and_ball":3,"minecraft:bone":10,"minecraft:apple":6,"minecraft:bow":16,"minecraft:wheat_seeds":35,"minecraft:orange_tulip":2,"minecraft:iron_ingot":1,"minecraft:stone_pickaxe":4,"minecraft:iron_sword":33,"minecraft:oak_planks":16,"mmorpg:stat_soul":2,"minecraft:gravel":23,"minecraft:spruce_sapling":1,"minecraft:ink_sac":9,"mmorpg:weapon/staff/wood":9,"minecraft:spruce_log":6,"minecraft:spider_eye":6,"minecraft:leather_helmet":1,"betterbeginnings:stone_hatchet":1,"minecraft:iron_helmet":3,"minecraft:crossbow":13,"minecraft:bread":77,"alexsmobs:maggot":4,"minecraft:oak_sapling":12,"minecraft:netherrack":5,"iceandfire:raw_silver":10},"minecraft:mined":{"alexscaves:spelunkery_table":1,"iceandfire:silver_ore":2,"minecraft:cobblestone_stairs":1,"minecraft:grass_block":8,"iceandfire:deepslate_silver_ore":2,"minecraft:spruce_leaves":20,"minecraft:hay_block":8,"minecraft:tall_seagrass":1,"minecraft:iron_ore":3,"minecraft:andesite":12,"minecraft:peony":4,"minecraft:white_wool":1,"minecraft:tripwire":1,"minecraft:crafting_table":2,"betterbeginnings:rock_block":35,"minecraft:poppy":1,"minecraft:cobblestone":7,"minecraft:tall_grass":22,"minecraft:gray_bed":1,"minecraft:spruce_log":6,"minecraft:birch_leaves":11,"minecraft:orange_tulip":1,"minecraft:black_bed":2,"minecraft:grass":61,"minecraft:oak_log":5,"minecraft:gravel":19,"minecraft:dirt":36,"minecraft:cobweb":1,"minecraft:oak_leaves":16,"minecraft:deepslate":2,"minecraft:fern":2},"minecraft:broken":{"minecraft:leather_helmet":1,"minecraft:iron_sword":1},"minecraft:custom":{"minecraft:blood":0,"minecraft:mob_kills":177,"minecraft:dexterity":10,"minecraft:interact_with_crafting_table":9,"minecraft:open_barrel":2,"minecraft:leave_game":2,"minecraft:time_since_death":4430,"minecraft:climb_one_cm":887,"minecraft:mana":205,"minecraft:magic_shield":19,"minecraft:sprint_one_cm":289695,"minecraft:walk_one_cm":258715,"minecraft:drop":22,"minecraft:health":284,"minecraft:talked_to_villager":2,"minecraft:play_time":149152,"minecraft:deaths":22,"minecraft:sneak_time":3893,"minecraft:walk_under_water_one_cm":13911,"minecraft:jump":1962,"minecraft:energy":210,"minecraft:walk_on_water_one_cm":14965,"minecraft:total_world_time":149152,"minecraft:interact_with_furnace":3,"minecraft:intelligence":8,"minecraft:move_speed":0,"minecraft:interact_with_loom":6,"minecraft:sleep_in_bed":2,"minecraft:levels_gained":7,"minecraft:time_since_rest":4467,"minecraft:damage_taken":9254,"minecraft:damage_absorbed":2255,"minecraft:damage_dealt":2893,"minecraft:swim_one_cm":16772,"minecraft:fly_one_cm":465268,"minecraft:open_chest":3,"minecraft:crouch_one_cm":6438,"minecraft:strength":21,"minecraft:fall_one_cm":49087},"minecraft:killed":{"alexsmobs:lobster":1,"minecraft:cave_spider":1,"minecraft:spider":2,"scguns:redcoat":1,"minecraft:chicken":1,"mmorpg:zombie":3,"alexsmobs:bison":1,"minecraft:pig":2,"minecraft:creeper":1,"minecraft:sheep":1,"minecraft:zombie":155,"alexsmobs:terrapin":1,"alexsmobs:fly":1,"minecraft:cow":3},"minecraft:killed_by":{"minecraft:player":1,"scguns:dissident":1,"minecraft:creeper":2,"minecraft:spider":2,"minecraft:cave_spider":1,"minecraft:skeleton":6,"minecraft:zombie":5,"scguns:cog_minion":1},"minecraft:crafted":{"minecraft:oak_planks":20,"betterbeginnings:copper_pickaxe":1,"minecraft:cooked_mutton":3,"minecraft:stone_pickaxe":2,"minecraft:wheat":72,"minecraft:crafting_table":3,"farmersdelight:flint_knife":3,"minecraft:copper_ingot":3,"minecraft:bread":24,"minecraft:air":0,"minecraft:cobblestone":5,"betterbeginnings:stone_hatchet":1}},"DataVersion":3465}