{"stats":{"minecraft:crafted":{"minecraft:oak_planks":440,"minecraft:cherry_slab":6,"minecraft:lever":1,"minecraft:diamond_shovel":4,"minecraft:bookshelf":36,"minecraft:suspicious_stew":4,"minecraft:mace":1,"minecraft:diamond_helmet":3,"minecraft:diamond_leggings":4,"minecraft:iron_boots":24,"minecraft:bow":1,"minecraft:golden_boots":1,"minecraft:oak_slab":6,"minecraft:emerald":1762,"minecraft:arrow":64,"minecraft:diamond_axe":3,"minecraft:crafting_table":6,"minecraft:spruce_planks":68,"minecraft:wooden_pickaxe":1,"minecraft:iron_helmet":7,"minecraft:chainmail_chestplate":12,"minecraft:smithing_table":1,"minecraft:spectral_arrow":24,"minecraft:apple":64,"minecraft:diamond_pickaxe":2,"minecraft:book":1,"minecraft:paper":3,"minecraft:shield":1,"minecraft:stick":1360,"minecraft:iron_pickaxe":1,"minecraft:iron_ingot":5,"minecraft:snow_block":64,"minecraft:gold_ingot":5,"minecraft:golden_carrot":36,"minecraft:cherry_planks":160,"minecraft:cookie":216,"minecraft:stone_shovel":12,"minecraft:fishing_rod":1,"minecraft:diamond_hoe":6,"minecraft:wind_charge":4,"minecraft:furnace":1,"minecraft:oak_trapdoor":2,"minecraft:cherry_trapdoor":6,"minecraft:lantern":24,"minecraft:iron_axe":2,"minecraft:stone_pickaxe":24,"minecraft:diamond_boots":4,"minecraft:chainmail_leggings":4,"minecraft:wheat":315,"minecraft:cooked_beef":1,"minecraft:bell":12,"minecraft:enchanted_book":15,"minecraft:bread":234,"minecraft:air":0,"minecraft:oak_boat":2,"minecraft:chainmail_boots":12,"minecraft:wooden_axe":1,"minecraft:white_bed":3,"minecraft:diamond_chestplate":4},"minecraft:used":{"minecraft:dispenser":3,"minecraft:shield":103,"minecraft:iron_sword":112,"minecraft:zombie_spawn_egg":3,"minecraft:bell":2,"minecraft:mutton":1,"minecraft:villager_spawn_egg":28,"minecraft:lantern":1,"minecraft:grass_block":4,"minecraft:iron_helmet":1,"minecraft:bow":332,"minecraft:sweet_berries":2,"minecraft:furnace":1,"minecraft:egg":16,"minecraft:spruce_door":1,"minecraft:stone_pickaxe":35,"minecraft:oak_planks":94,"minecraft:ender_pearl":10,"minecraft:wooden_pickaxe":8,"minecraft:composter":5,"minecraft:diamond_axe":77,"minecraft:oak_leaves":15,"minecraft:golden_apple":4,"minecraft:white_wool":16,"minecraft:sand":4,"minecraft:loom":1,"minecraft:blast_furnace":2,"minecraft:shears":6,"minecraft:deepslate_tiles":10,"minecraft:lever":5,"minecraft:mace":19,"minecraft:bread":16,"minecraft:string":7,"minecraft:lectern":22,"minecraft:gravel":6,"minecraft:diamond_sword":153,"minecraft:smithing_table":4,"minecraft:oak_boat":5,"minecraft:experience_bottle":384,"minecraft:trial_spawner":3,"minecraft:oak_trapdoor":11,"minecraft:trident":4,"minecraft:stone_sword":99,"minecraft:flint_and_steel":6,"minecraft:spruce_planks":22,"minecraft:netherrack":3,"minecraft:trial_key":6,"minecraft:torch":19,"minecraft:dirt":328,"minecraft:anvil":1,"minecraft:wooden_axe":17,"minecraft:bookshelf":100,"minecraft:oak_stairs":50,"minecraft:iron_axe":406,"minecraft:cherry_slab":4,"minecraft:cherry_trapdoor":8,"minecraft:golden_carrot":41,"minecraft:emerald_block":50,"minecraft:goat_horn":1,"minecraft:cooked_beef":1,"minecraft:cobbled_deepslate":6,"minecraft:orange_stained_glass_pane":6,"minecraft:baked_potato":5,"minecraft:cherry_planks":65,"minecraft:fletching_table":12,"minecraft:stonecutter":6,"minecraft:mossy_cobblestone":16,"minecraft:oak_slab":2,"minecraft:crafting_table":8,"minecraft:white_bed":19,"minecraft:spruce_log":3,"minecraft:ender_eye":4,"minecraft:diamond_pickaxe":107,"minecraft:diamond_shovel":674,"minecraft:ominous_trial_key":1,"minecraft:wind_charge":10,"minecraft:oak_button":1,"minecraft:suspicious_stew":2,"minecraft:iron_pickaxe":131,"minecraft:stone_axe":73,"minecraft:pink_petals":6,"minecraft:fishing_rod":18,"minecraft:cobblestone":78,"minecraft:brush":8,"minecraft:stripped_oak_log":12,"minecraft:jukebox":1,"minecraft:smooth_stone":62,"minecraft:splash_potion":132},"minecraft:custom":{"minecraft:interact_with_crafting_table":36,"minecraft:open_barrel":5,"minecraft:bell_ring":2,"minecraft:leave_game":4,"minecraft:time_since_death":1538,"minecraft:sprint_one_cm":732948,"minecraft:damage_blocked_by_shield":3713,"minecraft:drop":683,"minecraft:talked_to_villager":124,"minecraft:play_time":479244,"minecraft:deaths":95,"minecraft:jump":4710,"minecraft:walk_on_water_one_cm":28708,"minecraft:enchant_item":1,"minecraft:interact_with_furnace":17,"minecraft:play_record":10,"minecraft:traded_with_villager":333,"minecraft:interact_with_loom":3,"minecraft:sleep_in_bed":11,"minecraft:damage_dealt":35851,"minecraft:player_kills":23,"minecraft:crouch_one_cm":15847,"minecraft:interact_with_smithing_table":17,"minecraft:inspect_dispenser":6,"minecraft:interact_with_anvil":28,"minecraft:mob_kills":141,"minecraft:inspect_hopper":2,"minecraft:climb_one_cm":1948,"minecraft:walk_one_cm":888322,"minecraft:sneak_time":7971,"minecraft:walk_under_water_one_cm":10408,"minecraft:boat_one_cm":5992,"minecraft:total_world_time":479244,"minecraft:time_since_rest":1565,"minecraft:damage_taken":30202,"minecraft:damage_absorbed":164,"minecraft:swim_one_cm":3637,"minecraft:fly_one_cm":1198251,"minecraft:open_chest":87,"minecraft:fish_caught":7,"minecraft:fall_one_cm":205232},"minecraft:broken":{"minecraft:golden_boots":1,"minecraft:stone_axe":1,"minecraft:leather_helmet":1,"minecraft:stone_sword":1,"minecraft:shield":1,"minecraft:iron_axe":2,"minecraft:iron_helmet":1},"minecraft:dropped":{"minecraft:porkchop":4,"minecraft:ominous_bottle":2,"minecraft:diamond_axe":2,"minecraft:cooked_beef":4,"minecraft:baked_potato":1,"minecraft:diamond":8,"minecraft:cookie":270,"minecraft:lantern":25,"minecraft:leather_helmet":2,"minecraft:music_disc_creator_music_box":3,"minecraft:emerald":95,"minecraft:dirt":189,"minecraft:red_bed":1,"minecraft:cherry_trapdoor":1,"minecraft:crimson_roots":7,"minecraft:iron_pickaxe":2,"minecraft:fishing_rod":1,"minecraft:white_wool":90,"minecraft:bone":48,"minecraft:lever":2,"minecraft:cooked_chicken":1,"minecraft:cobbled_deepslate":4,"minecraft:wheat":2,"minecraft:rotten_flesh":41,"minecraft:oak_planks":4,"minecraft:diamond_shovel":2,"minecraft:glowstone_dust":126,"minecraft:honey_bottle":10,"minecraft:waxed_copper_block":3,"minecraft:carrot":25,"minecraft:chainmail_chestplate":14,"minecraft:tipped_arrow":18,"minecraft:deepslate_tiles":1,"minecraft:chainmail_boots":12,"minecraft:spire_armor_trim_smithing_template":1,"minecraft:chiseled_tuff":1,"minecraft:arrow":41,"minecraft:glass":4,"minecraft:oak_leaves":1,"minecraft:scaffolding":8,"minecraft:lectern":1,"minecraft:quartz":5,"minecraft:netherrack":2,"minecraft:enchanted_book":10,"minecraft:bread":192,"minecraft:iron_ingot":32,"minecraft:oak_slab":24,"minecraft:wheat_seeds":6,"minecraft:cherry_log":4,"minecraft:diamond_leggings":3,"minecraft:lead":5,"minecraft:feather":2,"minecraft:iron_helmet":25,"minecraft:cobblestone":16,"minecraft:waxed_copper_grate":6,"minecraft:polished_tuff":6,"minecraft:apple":65,"minecraft:granite":1,"minecraft:grass_block":1,"minecraft:coal":64,"minecraft:stick":1,"minecraft:pufferfish":5,"minecraft:iron_block":1,"minecraft:golden_carrot":1,"minecraft:torch":210,"minecraft:nether_wart_block":2,"minecraft:rabbit":4,"minecraft:cherry_planks":98,"minecraft:waxed_copper_bulb":8,"minecraft:diamond_helmet":2,"minecraft:waxed_oxidized_copper":2,"minecraft:potion":1,"minecraft:oak_stairs":1,"minecraft:smooth_stone":2,"minecraft:chainmail_leggings":4,"minecraft:string":497,"minecraft:pink_petals":65,"minecraft:bucket":5,"minecraft:bricks":5,"minecraft:tuff_bricks":10,"minecraft:oak_trapdoor":1,"minecraft:bowl":2,"minecraft:diamond_hoe":6,"minecraft:raw_iron":1,"minecraft:stone_shovel":19,"minecraft:iron_boots":64,"minecraft:white_terracotta":3,"minecraft:shears":1,"minecraft:suspicious_stew":2,"minecraft:potato":8,"minecraft:hay_block":6,"minecraft:flower_pot":2,"minecraft:trial_key":4,"minecraft:diamond_chestplate":3,"minecraft:spruce_planks":6,"minecraft:iron_chestplate":2,"minecraft:andesite":14,"minecraft:oak_sapling":1,"minecraft:diamond_boots":3,"minecraft:bow":18,"minecraft:stone_pickaxe":32,"minecraft:bell":15},"minecraft:killed_by":{"minecraft:creeper":1,"minecraft:piglin":1,"minecraft:silverfish":2,"minecraft:zombie":27,"minecraft:player":15,"minecraft:stray":1,"minecraft:spider":1,"minecraft:enderman":1,"minecraft:iron_golem":1,"minecraft:bee":1,"minecraft:warden":3,"minecraft:skeleton":15},"minecraft:killed":{"minecraft:spider":1,"minecraft:wither":1,"minecraft:skeleton":23,"minecraft:bee":4,"minecraft:chicken":1,"minecraft:silverfish":25,"minecraft:wolf":1,"minecraft:parrot":1,"minecraft:pig":2,"minecraft:zombie_villager":1,"minecraft:iron_golem":2,"minecraft:creeper":2,"minecraft:sheep":2,"minecraft:zombie":36,"minecraft:ghast":1,"minecraft:stray":3,"minecraft:drowned":1,"minecraft:warden":1,"minecraft:rabbit":2,"minecraft:breeze":3,"minecraft:villager":22,"minecraft:enderman":2},"minecraft:picked_up":{"minecraft:iron_chestplate":2,"minecraft:wheat":3,"minecraft:flower_pot":2,"minecraft:smithing_table":1,"minecraft:oak_stairs":2,"minecraft:potion":2,"minecraft:enchanted_book":4,"minecraft:music_disc_cat":1,"minecraft:string":344,"minecraft:raw_copper":52,"minecraft:pufferfish":5,"minecraft:activator_rail":1,"minecraft:deepslate_tiles":1,"minecraft:diamond_leggings":1,"minecraft:smooth_stone":2,"minecraft:cobbled_deepslate":13,"minecraft:bucket":7,"minecraft:spruce_planks":71,"minecraft:trial_key":9,"minecraft:ender_eye":108,"minecraft:iron_pickaxe":1,"minecraft:iron_boots":40,"minecraft:furnace":1,"minecraft:tipped_arrow":18,"minecraft:stick":8,"minecraft:composter":5,"minecraft:torch":77,"minecraft:porkchop":4,"minecraft:cherry_log":48,"minecraft:waxed_copper_grate":6,"minecraft:stone_sword":2,"minecraft:rotten_flesh":71,"minecraft:honey_bottle":16,"minecraft:white_terracotta":3,"minecraft:snowball":259,"minecraft:cobblestone":159,"minecraft:pink_petals":192,"minecraft:feather":21,"minecraft:cooked_beef":4,"minecraft:cherry_planks":101,"minecraft:andesite":16,"minecraft:potato":8,"minecraft:dirt":610,"minecraft:lantern":1,"minecraft:name_tag":1,"minecraft:glass":4,"minecraft:bone":72,"minecraft:stonecutter":7,"minecraft:bow":20,"minecraft:wheat_seeds":11,"minecraft:bell":5,"minecraft:glowstone_dust":174,"minecraft:rabbit":4,"minecraft:fletching_table":10,"minecraft:oak_planks":157,"minecraft:sand":4,"minecraft:grass_block":1,"minecraft:diamond":8,"minecraft:lever":3,"minecraft:granite":1,"minecraft:crossbow":1,"minecraft:breeze_rod":7,"minecraft:golden_apple":2,"minecraft:bread":16,"minecraft:emerald":63,"minecraft:music_disc_precipice":2,"minecraft:oak_sapling":5,"minecraft:cherry_slab":4,"minecraft:netherrack":21,"minecraft:fishing_rod":1,"minecraft:bricks":6,"minecraft:crimson_roots":8,"minecraft:crafting_table":3,"minecraft:ominous_bottle":2,"minecraft:splash_potion":1,"minecraft:chest_minecart":1,"minecraft:wooden_pickaxe":2,"minecraft:shield":2,"minecraft:wind_charge":8,"minecraft:cornflower":1,"minecraft:red_bed":1,"minecraft:beef":2,"minecraft:oak_boat":3,"minecraft:chiseled_tuff":1,"minecraft:poppy":1,"minecraft:lectern":10,"minecraft:waxed_oxidized_copper":2,"minecraft:egg":11,"minecraft:raw_iron":8,"minecraft:oak_door":1,"minecraft:copper_ingot":5,"minecraft:cookie":54,"minecraft:music_disc_11":2,"minecraft:carrot":25,"minecraft:music_disc_creator_music_box":9,"minecraft:arrow":97,"minecraft:stone_shovel":7,"minecraft:diamond_chestplate":1,"minecraft:shears":1,"minecraft:diamond_boots":1,"minecraft:hay_block":41,"minecraft:tuff_bricks":10,"minecraft:glow_berries":3,"minecraft:mutton":6,"minecraft:white_wool":134,"minecraft:rail":41,"minecraft:oxeye_daisy":1,"minecraft:glow_ink_sac":14,"minecraft:golden_carrot":4,"minecraft:crimson_stem":5,"minecraft:salmon":2,"minecraft:leather":1,"minecraft:birch_planks":2,"minecraft:waxed_copper_bulb":8,"minecraft:chainmail_chestplate":2,"minecraft:oak_log":106,"minecraft:waxed_copper_block":3,"minecraft:nether_wart_block":2,"minecraft:gunpowder":19,"minecraft:apple":24,"minecraft:iron_ingot":44,"minecraft:stone_pickaxe":8,"minecraft:cooked_chicken":1,"minecraft:iron_sword":1,"minecraft:book":72,"minecraft:sculk_catalyst":1,"minecraft:oak_slab":24,"minecraft:scaffolding":8,"minecraft:emerald_block":6,"minecraft:pumpkin":2,"minecraft:sweet_berries":2,"minecraft:heavy_core":1,"minecraft:brush":1,"minecraft:quartz":5,"minecraft:dandelion":3,"minecraft:gravel":6,"minecraft:blast_furnace":2,"minecraft:white_bed":17,"minecraft:spruce_log":10,"minecraft:spruce_door":1,"minecraft:polished_tuff":6,"minecraft:leather_helmet":3,"minecraft:pumpkin_seeds":4,"minecraft:stone_axe":1,"minecraft:iron_helmet":24,"minecraft:gray_wool":1,"minecraft:oak_button":1,"minecraft:baked_potato":6,"minecraft:coal":33,"minecraft:ender_pearl":2},"minecraft:mined":{"minecraft:spruce_planks":4,"minecraft:white_bed":16,"minecraft:cherry_log":43,"minecraft:granite":1,"minecraft:grass_block":208,"minecraft:composter":5,"minecraft:tuff_bricks":3,"minecraft:smooth_stone":2,"minecraft:glowstone":37,"minecraft:fire":4,"minecraft:cobbled_deepslate":3,"minecraft:polished_tuff":2,"minecraft:fletching_table":10,"minecraft:dirt_path":8,"minecraft:oak_stairs":2,"minecraft:tripwire":3,"minecraft:red_bed":1,"minecraft:soul_fire":1,"minecraft:powder_snow":9,"minecraft:torch":10,"minecraft:blast_furnace":2,"minecraft:nether_quartz_ore":5,"minecraft:cobblestone":32,"minecraft:oak_planks":32,"minecraft:bricks":1,"minecraft:iron_door":5,"minecraft:wall_torch":14,"minecraft:cherry_slab":4,"minecraft:pink_petals":16,"minecraft:white_terracotta":3,"minecraft:nether_wart_block":1,"minecraft:wheat":2,"minecraft:waxed_copper_block":1,"minecraft:oak_log":112,"minecraft:waxed_oxidized_copper":2,"minecraft:sand":4,"minecraft:dirt":297,"minecraft:dispenser":1,"minecraft:stonecutter":7,"minecraft:netherrack":33,"minecraft:oak_leaves":1,"minecraft:deepslate":18,"minecraft:nether_gold_ore":3,"minecraft:deepslate_tiles":2,"minecraft:tuff":2,"minecraft:oak_door":1,"minecraft:end_stone":3,"minecraft:glow_lichen":1,"minecraft:lever":2,"minecraft:decorated_pot":2,"minecraft:crimson_roots":1,"minecraft:spruce_leaves":7,"minecraft:crimson_stem":5,"minecraft:hay_block":35,"minecraft:waxed_oxidized_cut_copper":1,"minecraft:waxed_copper_grate":4,"minecraft:snow":9,"minecraft:andesite":1,"minecraft:bookshelf":25,"minecraft:potatoes":1,"minecraft:stone":45,"minecraft:white_wool":1,"minecraft:smithing_table":1,"minecraft:cherry_planks":18,"minecraft:snow_block":114,"minecraft:crafting_table":2,"minecraft:short_grass":14,"minecraft:lectern":10,"minecraft:tall_grass":5,"minecraft:sculk":3,"minecraft:diorite":14,"minecraft:purple_bed":1,"minecraft:spruce_log":10,"minecraft:bee_nest":1,"minecraft:cherry_leaves":13,"minecraft:oak_button":1}},"DataVersion":3955}