{"stats":{"minecraft:picked_up":{"minecraft:stick":7,"minecraft:bow":2,"minecraft:beef":3,"mmorpg:weapon/staff/wood":1,"minecraft:iron_sword":3},"minecraft:mined":{"minecraft:oak_leaves":16},"minecraft:custom":{"minecraft:time_since_rest":4840,"minecraft:blood":0,"minecraft:magic_shield":0,"minecraft:crouch_one_cm":20,"minecraft:damage_absorbed":61,"minecraft:play_time":17413,"minecraft:sprint_one_cm":23540,"minecraft:walk_one_cm":11577,"minecraft:damage_taken":338,"minecraft:deaths":1,"minecraft:sneak_time":16,"minecraft:mob_kills":1,"minecraft:dexterity":0,"minecraft:jump":172,"minecraft:intelligence":0,"minecraft:energy":50,"minecraft:damage_dealt":274,"minecraft:leave_game":1,"minecraft:health":70,"minecraft:time_since_death":4815,"minecraft:move_speed":0,"minecraft:strength":0,"minecraft:total_world_time":17413,"minecraft:mana":50,"minecraft:fall_one_cm":7035,"minecraft:fly_one_cm":18379},"minecraft:killed":{"minecraft:cow":1},"minecraft:killed_by":{"minecraft:player":1}},"DataVersion":3465}