{"stats":{"minecraft:used":{"minecraft:stone_pickaxe":8,"minecraft:dirt":3,"minecraft:mutton":1,"farmersdelight:flint_knife":60,"minecraft:crafting_table":2,"minecraft:gravel":7,"betterbeginnings:stone_hatchet":44},"minecraft:picked_up":{"minecraft:crafting_table":3,"minecraft:feather":2,"minecraft:chicken":2,"minecraft:flint":3,"minecraft:oak_log":5,"minecraft:cobblestone_stairs":1,"farmersdelight:flint_knife":3,"minecraft:dirt":3,"minecraft:bone":4,"minecraft:bow":2,"minecraft:wheat_seeds":32,"minecraft:orange_tulip":2,"farmersdelight:straw":14,"minecraft:beef":3,"betterbeginnings:rock_block":30,"minecraft:stone_pickaxe":1,"mmorpg:offhand/tome/iron":4,"minecraft:iron_sword":20,"minecraft:birch_sapling":4,"minecraft:oak_planks":16,"minecraft:stick":30,"minecraft:gravel":18,"mmorpg:stat_soul":2,"minecraft:spruce_sapling":1,"minecraft:ink_sac":9,"mmorpg:weapon/staff/wood":1,"minecraft:spruce_log":6,"betterbeginnings:stone_hatchet":1,"minecraft:arrow":4,"minecraft:rotten_flesh":7,"minecraft:crossbow":6,"alexsmobs:maggot":4,"minecraft:mutton":1,"alexsmobs:lobster_tail":1,"minecraft:white_wool":2,"minecraft:cobblestone":11},"minecraft:mined":{"minecraft:cobblestone_stairs":1,"minecraft:crafting_table":2,"betterbeginnings:rock_block":23,"minecraft:grass_block":3,"minecraft:tall_grass":15,"minecraft:cobblestone":7,"minecraft:spruce_leaves":20,"minecraft:tall_seagrass":1,"minecraft:spruce_log":6,"minecraft:birch_leaves":11,"minecraft:orange_tulip":1,"minecraft:grass":43,"minecraft:oak_log":5,"minecraft:gravel":14,"minecraft:oak_leaves":16,"minecraft:fern":1},"minecraft:custom":{"minecraft:blood":0,"minecraft:mob_kills":11,"minecraft:dexterity":2,"minecraft:intelligence":0,"minecraft:move_speed":0,"minecraft:interact_with_crafting_table":3,"minecraft:leave_game":1,"minecraft:time_since_death":908,"minecraft:sleep_in_bed":1,"minecraft:mana":51,"minecraft:time_since_rest":934,"minecraft:magic_shield":0,"minecraft:sprint_one_cm":120518,"minecraft:damage_absorbed":1339,"minecraft:damage_taken":4062,"minecraft:walk_one_cm":69464,"minecraft:damage_dealt":1715,"minecraft:health":70,"minecraft:swim_one_cm":12545,"minecraft:fly_one_cm":196456,"minecraft:open_chest":1,"minecraft:crouch_one_cm":362,"minecraft:play_time":77413,"minecraft:deaths":11,"minecraft:sneak_time":323,"minecraft:walk_under_water_one_cm":8454,"minecraft:jump":800,"minecraft:energy":70,"minecraft:walk_on_water_one_cm":5833,"minecraft:strength":0,"minecraft:total_world_time":77413,"minecraft:fall_one_cm":21818},"minecraft:killed":{"alexsmobs:lobster":1,"minecraft:sheep":1,"scguns:redcoat":1,"minecraft:zombie":3,"alexsmobs:terrapin":1,"mmorpg:zombie":1,"minecraft:chicken":1,"alexsmobs:fly":1,"minecraft:cow":1},"minecraft:killed_by":{"minecraft:player":1,"scguns:dissident":1,"minecraft:skeleton":2,"minecraft:creeper":2,"minecraft:zombie":3,"scguns:cog_minion":1},"minecraft:crafted":{"minecraft:oak_planks":20,"minecraft:crafting_table":1,"farmersdelight:flint_knife":3,"minecraft:cobblestone":3,"betterbeginnings:stone_hatchet":1,"minecraft:stone_pickaxe":1}},"DataVersion":3465}