{"stats":{"minecraft:killed_by":{"minecraft:creeper":1,"minecraft:piglin":1,"minecraft:silverfish":2,"minecraft:zombie":27,"minecraft:player":14,"minecraft:stray":1,"minecraft:spider":1,"minecraft:iron_golem":1,"minecraft:bee":1,"minecraft:warden":2,"minecraft:skeleton":15},"minecraft:killed":{"minecraft:skeleton":21,"minecraft:bee":2,"minecraft:silverfish":18,"minecraft:pig":2,"minecraft:iron_golem":2,"minecraft:creeper":2,"minecraft:sheep":2,"minecraft:zombie":33,"minecraft:stray":3,"minecraft:breeze":3,"minecraft:villager":22},"minecraft:custom":{"minecraft:interact_with_crafting_table":32,"minecraft:open_barrel":5,"minecraft:leave_game":4,"minecraft:time_since_death":1135,"minecraft:sprint_one_cm":529524,"minecraft:damage_blocked_by_shield":3009,"minecraft:drop":321,"minecraft:talked_to_villager":35,"minecraft:play_time":311851,"minecraft:deaths":88,"minecraft:jump":3138,"minecraft:walk_on_water_one_cm":13283,"minecraft:interact_with_furnace":16,"minecraft:traded_with_villager":54,"minecraft:sleep_in_bed":10,"minecraft:damage_dealt":24205,"minecraft:player_kills":20,"minecraft:crouch_one_cm":10814,"minecraft:inspect_dispenser":6,"minecraft:mob_kills":113,"minecraft:inspect_hopper":1,"minecraft:climb_one_cm":1667,"minecraft:walk_one_cm":630636,"minecraft:sneak_time":4827,"minecraft:walk_under_water_one_cm":774,"minecraft:boat_one_cm":5992,"minecraft:total_world_time":311851,"minecraft:time_since_rest":1231,"minecraft:damage_taken":24880,"minecraft:damage_absorbed":40,"minecraft:fly_one_cm":835991,"minecraft:swim_one_cm":1489,"minecraft:open_chest":49,"minecraft:fall_one_cm":126814},"minecraft:picked_up":{"minecraft:iron_chestplate":2,"minecraft:wheat":2,"minecraft:flower_pot":2,"minecraft:smithing_table":1,"minecraft:oak_stairs":2,"minecraft:potion":2,"minecraft:enchanted_book":1,"minecraft:string":343,"minecraft:raw_copper":52,"minecraft:activator_rail":1,"minecraft:cobbled_deepslate":5,"minecraft:spruce_planks":71,"minecraft:trial_key":9,"minecraft:iron_pickaxe":1,"minecraft:furnace":1,"minecraft:tipped_arrow":14,"minecraft:stick":7,"minecraft:composter":5,"minecraft:torch":74,"minecraft:porkchop":4,"minecraft:cherry_log":43,"minecraft:waxed_copper_grate":6,"minecraft:stone_sword":2,"minecraft:honey_bottle":16,"minecraft:rotten_flesh":71,"minecraft:white_terracotta":3,"minecraft:snowball":259,"minecraft:cobblestone":118,"minecraft:pink_petals":192,"minecraft:feather":17,"minecraft:cooked_beef":4,"minecraft:cherry_planks":36,"minecraft:andesite":16,"minecraft:dirt":603,"minecraft:name_tag":1,"minecraft:glass":4,"minecraft:bone":64,"minecraft:stonecutter":7,"minecraft:bow":14,"minecraft:wheat_seeds":10,"minecraft:fletching_table":10,"minecraft:rabbit":4,"minecraft:oak_planks":153,"minecraft:grass_block":1,"minecraft:diamond":8,"minecraft:lever":3,"minecraft:crossbow":1,"minecraft:breeze_rod":7,"minecraft:golden_apple":2,"minecraft:bread":16,"minecraft:emerald":19,"minecraft:music_disc_precipice":2,"minecraft:oak_sapling":5,"minecraft:cherry_slab":4,"minecraft:netherrack":21,"minecraft:bricks":6,"minecraft:crimson_roots":8,"minecraft:crafting_table":3,"minecraft:splash_potion":1,"minecraft:ominous_bottle":2,"minecraft:chest_minecart":1,"minecraft:wooden_pickaxe":2,"minecraft:shield":2,"minecraft:wind_charge":8,"minecraft:cornflower":1,"minecraft:red_bed":1,"minecraft:beef":2,"minecraft:oak_boat":3,"minecraft:chiseled_tuff":1,"minecraft:poppy":1,"minecraft:waxed_oxidized_copper":2,"minecraft:egg":11,"minecraft:raw_iron":7,"minecraft:oak_door":1,"minecraft:copper_ingot":5,"minecraft:carrot":1,"minecraft:arrow":66,"minecraft:diamond_chestplate":1,"minecraft:shears":1,"minecraft:hay_block":41,"minecraft:tuff_bricks":6,"minecraft:glow_berries":3,"minecraft:mutton":6,"minecraft:rail":41,"minecraft:white_wool":44,"minecraft:oxeye_daisy":1,"minecraft:crimson_stem":5,"minecraft:golden_carrot":4,"minecraft:glow_ink_sac":14,"minecraft:leather":1,"minecraft:waxed_copper_bulb":2,"minecraft:oak_log":106,"minecraft:waxed_copper_block":3,"minecraft:nether_wart_block":2,"minecraft:gunpowder":19,"minecraft:iron_ingot":27,"minecraft:stone_pickaxe":1,"minecraft:cooked_chicken":1,"minecraft:iron_sword":1,"minecraft:oak_slab":24,"minecraft:scaffolding":8,"minecraft:pumpkin":2,"minecraft:sweet_berries":2,"minecraft:heavy_core":1,"minecraft:brush":1,"minecraft:quartz":5,"minecraft:dandelion":3,"minecraft:gravel":6,"minecraft:blast_furnace":2,"minecraft:white_bed":16,"minecraft:spruce_log":10,"minecraft:spruce_door":1,"minecraft:polished_tuff":6,"minecraft:leather_helmet":3,"minecraft:pumpkin_seeds":4,"minecraft:stone_axe":1,"minecraft:iron_helmet":24,"minecraft:gray_wool":1,"minecraft:oak_button":1,"minecraft:baked_potato":6,"minecraft:coal":33},"minecraft:used":{"minecraft:dispenser":3,"minecraft:shield":90,"minecraft:iron_sword":68,"minecraft:zombie_spawn_egg":3,"minecraft:mutton":1,"minecraft:villager_spawn_egg":19,"minecraft:grass_block":4,"minecraft:iron_helmet":1,"minecraft:bow":103,"minecraft:sweet_berries":2,"minecraft:furnace":1,"minecraft:egg":16,"minecraft:spruce_door":1,"minecraft:stone_pickaxe":35,"minecraft:oak_planks":80,"minecraft:wooden_pickaxe":8,"minecraft:composter":5,"minecraft:golden_apple":1,"minecraft:white_wool":10,"minecraft:blast_furnace":2,"minecraft:shears":6,"minecraft:deepslate_tiles":10,"minecraft:lever":5,"minecraft:mace":2,"minecraft:bread":12,"minecraft:string":7,"minecraft:lectern":5,"minecraft:gravel":6,"minecraft:smithing_table":3,"minecraft:oak_boat":5,"minecraft:trial_spawner":3,"minecraft:oak_trapdoor":10,"minecraft:stone_sword":99,"minecraft:spruce_planks":22,"minecraft:netherrack":3,"minecraft:trial_key":6,"minecraft:torch":10,"minecraft:dirt":325,"minecraft:wooden_axe":17,"minecraft:iron_axe":406,"minecraft:cherry_slab":4,"minecraft:cherry_trapdoor":6,"minecraft:golden_carrot":3,"minecraft:cooked_beef":1,"minecraft:cobbled_deepslate":2,"minecraft:orange_stained_glass_pane":6,"minecraft:baked_potato":5,"minecraft:stonecutter":6,"minecraft:fletching_table":12,"minecraft:mossy_cobblestone":16,"minecraft:oak_slab":2,"minecraft:crafting_table":7,"minecraft:white_bed":19,"minecraft:spruce_log":3,"minecraft:diamond_shovel":674,"minecraft:ominous_trial_key":1,"minecraft:wind_charge":7,"minecraft:oak_button":1,"minecraft:iron_pickaxe":115,"minecraft:stone_axe":73,"minecraft:pink_petals":6,"minecraft:cobblestone":44,"minecraft:brush":8,"minecraft:smooth_stone":62,"minecraft:splash_potion":132},"minecraft:broken":{"minecraft:golden_boots":1,"minecraft:stone_axe":1,"minecraft:leather_helmet":1,"minecraft:stone_sword":1,"minecraft:shield":1,"minecraft:iron_axe":2,"minecraft:iron_helmet":1},"minecraft:mined":{"minecraft:spruce_planks":4,"minecraft:white_bed":16,"minecraft:cherry_log":43,"minecraft:grass_block":206,"minecraft:composter":5,"minecraft:tuff_bricks":3,"minecraft:cobbled_deepslate":2,"minecraft:polished_tuff":2,"minecraft:fletching_table":10,"minecraft:dirt_path":8,"minecraft:oak_stairs":2,"minecraft:tripwire":3,"minecraft:red_bed":1,"minecraft:powder_snow":9,"minecraft:torch":9,"minecraft:blast_furnace":2,"minecraft:nether_quartz_ore":5,"minecraft:cobblestone":32,"minecraft:oak_planks":32,"minecraft:bricks":1,"minecraft:wall_torch":13,"minecraft:cherry_slab":4,"minecraft:pink_petals":16,"minecraft:white_terracotta":3,"minecraft:nether_wart_block":1,"minecraft:wheat":1,"minecraft:waxed_copper_block":1,"minecraft:oak_log":112,"minecraft:waxed_oxidized_copper":2,"minecraft:dirt":292,"minecraft:stonecutter":7,"minecraft:dispenser":1,"minecraft:netherrack":25,"minecraft:oak_leaves":1,"minecraft:deepslate":3,"minecraft:oak_door":1,"minecraft:glow_lichen":1,"minecraft:lever":2,"minecraft:decorated_pot":2,"minecraft:crimson_roots":1,"minecraft:spruce_leaves":7,"minecraft:crimson_stem":5,"minecraft:hay_block":35,"minecraft:waxed_oxidized_cut_copper":1,"minecraft:waxed_copper_grate":4,"minecraft:snow":9,"minecraft:stone":11,"minecraft:white_wool":1,"minecraft:smithing_table":1,"minecraft:snow_block":114,"minecraft:crafting_table":2,"minecraft:short_grass":12,"minecraft:tall_grass":3,"minecraft:purple_bed":1,"minecraft:spruce_log":10,"minecraft:bee_nest":1,"minecraft:cherry_leaves":13,"minecraft:oak_button":1},"minecraft:dropped":{"minecraft:porkchop":4,"minecraft:ominous_bottle":2,"minecraft:cooked_beef":4,"minecraft:diamond":7,"minecraft:leather_helmet":2,"minecraft:emerald":19,"minecraft:dirt":185,"minecraft:crimson_roots":7,"minecraft:iron_pickaxe":1,"minecraft:bone":39,"minecraft:lever":2,"minecraft:cooked_chicken":1,"minecraft:wheat":2,"minecraft:rotten_flesh":40,"minecraft:oak_planks":2,"minecraft:honey_bottle":10,"minecraft:waxed_copper_block":3,"minecraft:carrot":1,"minecraft:tipped_arrow":6,"minecraft:chiseled_tuff":1,"minecraft:arrow":1,"minecraft:glass":4,"minecraft:scaffolding":8,"minecraft:quartz":5,"minecraft:netherrack":2,"minecraft:iron_ingot":15,"minecraft:oak_slab":24,"minecraft:wheat_seeds":6,"minecraft:iron_helmet":25,"minecraft:cobblestone":16,"minecraft:waxed_copper_grate":6,"minecraft:polished_tuff":6,"minecraft:grass_block":1,"minecraft:coal":64,"minecraft:golden_carrot":1,"minecraft:torch":209,"minecraft:nether_wart_block":2,"minecraft:rabbit":4,"minecraft:waxed_oxidized_copper":2,"minecraft:potion":1,"minecraft:string":497,"minecraft:pink_petals":65,"minecraft:bricks":5,"minecraft:tuff_bricks":4,"minecraft:white_terracotta":3,"minecraft:shears":1,"minecraft:hay_block":6,"minecraft:flower_pot":2,"minecraft:spruce_planks":6,"minecraft:iron_chestplate":2,"minecraft:andesite":14,"minecraft:oak_sapling":1,"minecraft:bow":9,"minecraft:stone_pickaxe":1},"minecraft:crafted":{"minecraft:oak_planks":440,"minecraft:cherry_slab":6,"minecraft:lever":1,"minecraft:diamond_shovel":1,"minecraft:mace":1,"minecraft:bow":1,"minecraft:golden_boots":1,"minecraft:oak_slab":6,"minecraft:emerald":42,"minecraft:arrow":64,"minecraft:crafting_table":5,"minecraft:spruce_planks":68,"minecraft:wooden_pickaxe":1,"minecraft:iron_helmet":7,"minecraft:smithing_table":1,"minecraft:book":1,"minecraft:paper":3,"minecraft:stick":1356,"minecraft:iron_pickaxe":1,"minecraft:iron_ingot":5,"minecraft:snow_block":64,"minecraft:gold_ingot":5,"minecraft:cherry_planks":32,"minecraft:wind_charge":4,"minecraft:furnace":1,"minecraft:oak_trapdoor":2,"minecraft:cherry_trapdoor":6,"minecraft:iron_axe":2,"minecraft:wheat":315,"minecraft:cooked_beef":1,"minecraft:bread":42,"minecraft:air":0,"minecraft:oak_boat":2,"minecraft:wooden_axe":1,"minecraft:white_bed":3}},"DataVersion":3955}