{"stats":{"minecraft:used":{"minecraft:stone_pickaxe":29,"minecraft:iron_sword":247,"minecraft:netherrack":1,"betterbeginnings:copper_pickaxe":18,"minecraft:dirt":39,"minecraft:mutton":1,"farmersdelight:flint_knife":60,"minecraft:crafting_table":4,"alexscaves:cave_book":1,"minecraft:oak_log":1,"minecraft:string":1,"minecraft:bread":4,"minecraft:iron_helmet":1,"minecraft:gravel":11,"alexscaves:spelunkery_table":1,"betterbeginnings:stone_hatchet":44,"minecraft:cobblestone":2,"minecraft:bow":3,"minecraft:porkchop":1,"minecraft:andesite":2},"minecraft:picked_up":{"minecraft:crafting_table":3,"minecraft:feather":2,"minecraft:chicken":2,"minecraft:andesite":4,"mmorpg:skill_gems/aura/str":4,"minecraft:black_bed":4,"minecraft:leather":8,"minecraft:wooden_pickaxe":4,"alexscaves:cave_tablet":12,"alexscaves:cave_book":4,"minecraft:flint":3,"minecraft:oak_log":6,"minecraft:shield":4,"minecraft:gunpowder":7,"minecraft:cobblestone_stairs":1,"minecraft:paper":84,"farmersdelight:flint_knife":3,"minecraft:string":20,"minecraft:dirt":39,"minecraft:raw_copper":16,"minecraft:cooked_mutton":9,"scguns:powder_and_ball":3,"minecraft:bone":10,"minecraft:apple":6,"minecraft:bow":3,"minecraft:orange_tulip":2,"minecraft:wheat_seeds":32,"farmersdelight:straw":14,"minecraft:spruce_planks":11,"minecraft:stone_pickaxe":4,"minecraft:beef":31,"betterbeginnings:rock_block":60,"minecraft:poppy":7,"minecraft:oak_planks":16,"mmorpg:offhand/tome/iron":11,"minecraft:birch_sapling":4,"minecraft:iron_sword":25,"minecraft:iron_boots":1,"minecraft:stick":52,"minecraft:copper_ingot":2,"minecraft:gravel":19,"minecraft:porkchop":22,"mmorpg:stat_soul":2,"farmersdelight:tomato_seeds":24,"minecraft:spruce_sapling":1,"minecraft:ink_sac":9,"mmorpg:weapon/staff/wood":1,"minecraft:spruce_log":6,"minecraft:leather_helmet":1,"betterbeginnings:stone_hatchet":1,"minecraft:arrow":4,"minecraft:rotten_flesh":40,"alexscaves:spelunkery_table":1,"minecraft:iron_helmet":3,"minecraft:hay_block":8,"minecraft:crossbow":13,"minecraft:bread":77,"iceandfire:raw_silver":8,"alexsmobs:maggot":4,"minecraft:oak_sapling":12,"minecraft:netherrack":5,"minecraft:mutton":1,"alexsmobs:lobster_tail":1,"minecraft:white_wool":6,"minecraft:cobblestone":11},"minecraft:mined":{"alexscaves:spelunkery_table":1,"iceandfire:silver_ore":2,"minecraft:cobblestone_stairs":1,"minecraft:crafting_table":2,"betterbeginnings:rock_block":35,"minecraft:grass_block":3,"minecraft:poppy":1,"minecraft:tall_grass":20,"minecraft:cobblestone":7,"minecraft:spruce_leaves":20,"minecraft:hay_block":8,"minecraft:tall_seagrass":1,"minecraft:andesite":2,"minecraft:black_bed":1,"minecraft:spruce_log":6,"minecraft:birch_leaves":11,"minecraft:orange_tulip":1,"minecraft:grass":61,"minecraft:oak_log":5,"minecraft:gravel":14,"minecraft:dirt":35,"minecraft:tripwire":1,"minecraft:white_wool":1,"minecraft:oak_leaves":16,"minecraft:fern":2},"minecraft:broken":{"minecraft:leather_helmet":1,"minecraft:iron_sword":1},"minecraft:custom":{"minecraft:blood":0,"minecraft:interact_with_furnace":3,"minecraft:mob_kills":22,"minecraft:dexterity":7,"minecraft:intelligence":5,"minecraft:move_speed":0,"minecraft:interact_with_crafting_table":9,"minecraft:open_barrel":2,"minecraft:interact_with_loom":6,"minecraft:leave_game":2,"minecraft:time_since_death":238,"minecraft:sleep_in_bed":1,"minecraft:climb_one_cm":723,"minecraft:mana":100,"minecraft:time_since_rest":271,"minecraft:magic_shield":0,"minecraft:sprint_one_cm":233592,"minecraft:damage_absorbed":1339,"minecraft:damage_taken":7925,"minecraft:walk_one_cm":164355,"minecraft:damage_dealt":2360,"minecraft:health":120,"minecraft:swim_one_cm":15727,"minecraft:talked_to_villager":2,"minecraft:fly_one_cm":317405,"minecraft:open_chest":3,"minecraft:crouch_one_cm":4460,"minecraft:play_time":113152,"minecraft:deaths":18,"minecraft:sneak_time":2404,"minecraft:walk_under_water_one_cm":13720,"minecraft:jump":1613,"minecraft:energy":120,"minecraft:walk_on_water_one_cm":14396,"minecraft:strength":10,"minecraft:total_world_time":113152,"minecraft:fall_one_cm":39165},"minecraft:killed":{"alexsmobs:lobster":1,"minecraft:pig":2,"minecraft:sheep":1,"scguns:redcoat":1,"minecraft:zombie":7,"alexsmobs:terrapin":1,"minecraft:chicken":1,"mmorpg:zombie":1,"alexsmobs:fly":1,"minecraft:cow":3},"minecraft:killed_by":{"minecraft:player":1,"scguns:dissident":1,"minecraft:skeleton":5,"minecraft:creeper":2,"minecraft:spider":2,"minecraft:zombie":5,"scguns:cog_minion":1},"minecraft:crafted":{"minecraft:oak_planks":20,"betterbeginnings:copper_pickaxe":1,"minecraft:crafting_table":3,"farmersdelight:flint_knife":3,"minecraft:copper_ingot":3,"minecraft:cooked_mutton":3,"minecraft:bread":24,"minecraft:air":0,"minecraft:cobblestone":5,"betterbeginnings:stone_hatchet":1,"minecraft:stone_pickaxe":2,"minecraft:wheat":72}},"DataVersion":3465}