{"stats":{"minecraft:dropped":{"minecraft:iron_sword":1,"minecraft:wheat_seeds":1,"minecraft:poisonous_potato":1,"mmorpg:weapon/staff/wood":1,"minecraft:stick":1,"minecraft:dirt":1,"minecraft:red_sand":2,"minecraft:wooden_pickaxe":1,"minecraft:calcite":4,"minecraft:smooth_basalt":2,"minecraft:egg":1},"minecraft:used":{"minecraft:wheat_seeds":2,"minecraft:stone_pickaxe":22,"minecraft:wooden_pickaxe":5,"minecraft:iron_sword":17,"minecraft:torch":3,"minecraft:dirt":8,"minecraft:stone_axe":27,"mmorpg:weapon/staff/wood":26,"minecraft:cobblestone":7,"minecraft:hay_block":3,"minecraft:sweet_berries":50,"minecraft:potato":4},"minecraft:picked_up":{"minecraft:wheat":1,"minecraft:feather":5,"minecraft:chicken":4,"minecraft:wooden_pickaxe":1,"minecraft:potato":18,"minecraft:shield":1,"minecraft:gunpowder":1,"minecraft:dirt":27,"minecraft:string":7,"scguns:anthralite_nugget":2,"minecraft:raw_copper":16,"scguns:powder_and_ball":1,"minecraft:bow":2,"minecraft:wheat_seeds":4,"minecraft:red_sand":2,"minecraft:spruce_planks":7,"betterbeginnings:rock_block":9,"minecraft:calcite":4,"scguns:ancient_brass":2,"mmorpg:runes/mos":2,"minecraft:iron_boots":2,"minecraft:egg":1,"minecraft:stick":12,"minecraft:smooth_basalt":2,"minecraft:sweet_berries":59,"minecraft:torch":3,"minecraft:poisonous_potato":1,"mmorpg:weapon/staff/wood":1,"mmorpg:skill_gems/support/int":1,"minecraft:spruce_log":6,"minecraft:rotten_flesh":24,"minecraft:iron_helmet":2,"minecraft:hay_block":4,"minecraft:crossbow":1,"mmorpg:runes/ita":4,"minecraft:oak_sapling":2,"minecraft:netherrack":1,"mmorpg:chest/uncommon_gear":1,"minecraft:cobblestone":15},"minecraft:mined":{"minecraft:spruce_planks":7,"minecraft:torch":2,"minecraft:red_sand":1,"betterbeginnings:rock_block":4,"minecraft:calcite":2,"minecraft:grass_block":3,"minecraft:copper_ore":4,"minecraft:cobblestone":16,"minecraft:wall_torch":1,"minecraft:large_fern":2,"minecraft:hay_block":4,"minecraft:wheat":1,"minecraft:sweet_berry_bush":27,"minecraft:spruce_log":6,"minecraft:birch_leaves":2,"minecraft:grass":4,"minecraft:potatoes":4,"minecraft:dirt_path":2,"minecraft:dirt":4,"minecraft:smooth_basalt":1,"minecraft:oak_leaves":32,"minecraft:fern":3},"minecraft:custom":{"minecraft:blood":0,"minecraft:mob_kills":53,"minecraft:dexterity":5,"minecraft:intelligence":28,"minecraft:move_speed":0,"minecraft:interact_with_crafting_table":7,"minecraft:leave_game":1,"minecraft:time_since_death":16561,"minecraft:levels_gained":5,"minecraft:mana":370,"minecraft:time_since_rest":16594,"minecraft:magic_shield":0,"minecraft:sprint_one_cm":184045,"minecraft:damage_absorbed":866,"minecraft:damage_taken":1604,"minecraft:walk_one_cm":136025,"minecraft:drop":15,"minecraft:damage_dealt":627,"minecraft:health":145,"minecraft:swim_one_cm":15657,"minecraft:talked_to_villager":2,"minecraft:fly_one_cm":158750,"minecraft:player_kills":1,"minecraft:open_chest":7,"minecraft:crouch_one_cm":6315,"minecraft:play_time":49479,"minecraft:deaths":1,"minecraft:sneak_time":5479,"minecraft:walk_under_water_one_cm":2277,"minecraft:jump":869,"minecraft:energy":140,"minecraft:walk_on_water_one_cm":7916,"minecraft:strength":7,"minecraft:total_world_time":49479,"minecraft:fall_one_cm":20640},"minecraft:killed":{"minecraft:spider":5,"minecraft:creeper":4,"minecraft:skeleton":4,"scguns:redcoat":1,"scguns:cog_knight":1,"minecraft:zombie":33,"minecraft:chicken":4},"minecraft:killed_by":{"minecraft:spider":1},"minecraft:crafted":{"minecraft:spruce_planks":24,"minecraft:wooden_pickaxe":1,"minecraft:stone_axe":1,"minecraft:stick":8,"minecraft:stone_pickaxe":1}},"DataVersion":3465}