{"stats":{"minecraft:used":{"minecraft:iron_sword":10},"minecraft:picked_up":{"minecraft:wheat_seeds":1},"minecraft:mined":{"minecraft:grass":4},"minecraft:custom":{"minecraft:time_since_rest":2425,"minecraft:blood":0,"minecraft:magic_shield":0,"minecraft:play_time":2425,"minecraft:sprint_one_cm":6974,"minecraft:walk_one_cm":4218,"minecraft:damage_taken":206,"minecraft:damage_absorbed":28,"minecraft:dexterity":5,"minecraft:jump":67,"minecraft:intelligence":9,"minecraft:energy":100,"minecraft:damage_dealt":149,"minecraft:leave_game":1,"minecraft:health":95,"minecraft:time_since_death":2425,"minecraft:move_speed":0,"minecraft:strength":5,"minecraft:total_world_time":2425,"minecraft:mana":140,"minecraft:fall_one_cm":2026,"minecraft:fly_one_cm":6039,"minecraft:player_kills":1}},"DataVersion":3465}