{"stats":{"minecraft:used":{"minecraft:iron_shovel":1,"minecraft:iron_sword":17,"minecraft:torch":3,"minecraft:dirt":17,"minecraft:iron_helmet":4,"minecraft:beef":2,"minecraft:hay_block":4,"minecraft:sweet_berries":74,"minecraft:potato":19,"minecraft:wheat_seeds":2,"minecraft:stone_pickaxe":23,"minecraft:wooden_pickaxe":5,"minecraft:white_wool":1,"alexscaves:cave_book":1,"minecraft:oak_log":2,"minecraft:stone_axe":35,"mmorpg:weapon/staff/wood":34,"minecraft:cobblestone":7},"minecraft:dropped":{"minecraft:iron_sword":1,"minecraft:wheat_seeds":2,"minecraft:poisonous_potato":1,"minecraft:crossbow":1,"mmorpg:weapon/staff/wood":1,"minecraft:stick":17,"minecraft:dirt":19,"minecraft:brown_wool":1,"minecraft:smooth_basalt":2,"alexsmobs:animal_dictionary":1,"minecraft:raw_copper":16,"minecraft:rotten_flesh":30,"minecraft:iron_boots":1,"minecraft:hay_block":1,"alexscaves:cave_book":1,"minecraft:gunpowder":1,"minecraft:peony":3,"minecraft:spruce_planks":9,"minecraft:oak_sapling":2,"minecraft:bow":1,"minecraft:red_sand":2,"minecraft:wooden_pickaxe":2,"minecraft:calcite":4,"minecraft:netherrack":1,"mmorpg:newbie_gear_bag":1,"mmorpg:skill_gems/aura/str":1,"minecraft:egg":1},"minecraft:picked_up":{"minecraft:wheat":4,"minecraft:chicken":16,"minecraft:wooden_pickaxe":1,"minecraft:shield":2,"minecraft:string":21,"minecraft:raw_copper":16,"minecraft:iron_shovel":1,"mmorpg:jewel/dex":3,"minecraft:red_sand":2,"mmorpg:map":3,"mmorpg:gems/tourmaline/0":1,"minecraft:spruce_planks":63,"betterbeginnings:rock_block":43,"minecraft:beef":6,"minecraft:calcite":4,"scguns:ancient_brass":10,"mmorpg:runes/mos":8,"minecraft:iron_boots":6,"minecraft:egg":1,"mmorpg:gems/emerald/0":1,"minecraft:stick":15,"minecraft:copper_ingot":2,"mmorpg:newbie_gear_bag":2,"minecraft:torch":3,"mmorpg:jewelry/necklace/iron":1,"mmorpg:skill_gems/support/int":4,"mmorpg:runes/nos":12,"minecraft:tnt":12,"minecraft:arrow":7,"minecraft:rotten_flesh":36,"minecraft:peony":3,"minecraft:hay_block":5,"mmorpg:runes/ita":16,"minecraft:mutton":3,"minecraft:white_wool":1,"minecraft:cobblestone":15,"minecraft:leather_chestplate":3,"minecraft:feather":5,"minecraft:leather":1,"minecraft:brown_wool":1,"minecraft:potato":27,"alexsmobs:bison_fur":1,"minecraft:oak_log":14,"minecraft:gunpowder":2,"minecraft:dirt":43,"scguns:anthralite_nugget":4,"scguns:powder_and_ball":1,"minecraft:bone":7,"minecraft:apple":6,"minecraft:bow":10,"minecraft:wheat_seeds":5,"minecraft:stone_pickaxe":3,"minecraft:oak_planks":1,"minecraft:iron_sword":1,"minecraft:smooth_basalt":2,"minecraft:sweet_berries":59,"minecraft:poisonous_potato":1,"mmorpg:weapon/staff/wood":8,"minecraft:spruce_log":6,"minecraft:spider_eye":2,"minecraft:stone_axe":4,"mmorpg:gems/ruby/0":4,"minecraft:iron_helmet":16,"minecraft:crossbow":2,"minecraft:emerald":16,"minecraft:oak_sapling":2,"minecraft:netherrack":1,"mmorpg:chest/uncommon_gear":5,"mmorpg:offhand/dodge/iron":4,"iceandfire:raw_silver":2},"minecraft:broken":{"minecraft:leather_leggings":1},"minecraft:mined":{"minecraft:spruce_planks":7,"iceandfire:silver_ore":1,"minecraft:red_sand":1,"minecraft:grass_block":12,"minecraft:large_fern":2,"minecraft:hay_block":5,"minecraft:potatoes":4,"minecraft:dirt_path":2,"minecraft:torch":2,"betterbeginnings:rock_block":9,"minecraft:calcite":2,"minecraft:tall_grass":2,"minecraft:cobblestone":16,"minecraft:copper_ore":4,"minecraft:oak_planks":1,"minecraft:wall_torch":1,"minecraft:sweet_berry_bush":28,"minecraft:wheat":1,"minecraft:spruce_log":6,"minecraft:birch_leaves":2,"minecraft:tnt":3,"minecraft:grass":7,"minecraft:oak_log":6,"minecraft:dirt":7,"minecraft:gravel":1,"minecraft:smooth_basalt":1,"minecraft:oak_leaves":32,"minecraft:fern":3},"minecraft:custom":{"minecraft:blood":0,"minecraft:mob_kills":91,"minecraft:dexterity":5,"minecraft:interact_with_crafting_table":9,"minecraft:open_barrel":2,"minecraft:bell_ring":1,"minecraft:leave_game":2,"minecraft:time_since_death":11323,"minecraft:climb_one_cm":635,"minecraft:mana":416,"minecraft:magic_shield":5,"minecraft:sprint_one_cm":342328,"minecraft:walk_one_cm":298682,"minecraft:drop":61,"minecraft:health":165,"minecraft:talked_to_villager":2,"minecraft:play_time":97408,"minecraft:deaths":8,"minecraft:sneak_time":8992,"minecraft:walk_under_water_one_cm":4513,"minecraft:jump":2076,"minecraft:energy":160,"minecraft:walk_on_water_one_cm":14499,"minecraft:total_world_time":97408,"minecraft:interact_with_furnace":1,"minecraft:intelligence":28,"minecraft:move_speed":0,"minecraft:levels_gained":7,"minecraft:time_since_rest":11332,"minecraft:damage_taken":4699,"minecraft:damage_absorbed":1651,"minecraft:damage_dealt":726,"minecraft:swim_one_cm":17552,"minecraft:fly_one_cm":441108,"minecraft:player_kills":1,"minecraft:open_chest":11,"minecraft:crouch_one_cm":13927,"minecraft:strength":7,"minecraft:fall_one_cm":62227},"minecraft:killed":{"minecraft:spider":10,"minecraft:skeleton":8,"scguns:redcoat":1,"scguns:cog_knight":1,"minecraft:chicken":4,"alexsmobs:bison":1,"minecraft:creeper":9,"minecraft:sheep":2,"minecraft:zombie":52,"minecraft:cow":2},"minecraft:killed_by":{"minecraft:creeper":1,"minecraft:spider":1,"minecraft:skeleton":1,"minecraft:zombie":3},"minecraft:crafted":{"minecraft:stone_pickaxe":1,"minecraft:spruce_planks":24,"minecraft:wooden_pickaxe":1,"minecraft:stone_axe":1,"minecraft:stick":8}},"DataVersion":3465}