{"stats":{"minecraft:used":{"minecraft:stone_pickaxe":13,"minecraft:wooden_pickaxe":5,"minecraft:iron_sword":10,"minecraft:stone_axe":6,"minecraft:torch":1,"minecraft:sweet_berries":18},"minecraft:dropped":{"minecraft:wheat_seeds":1},"minecraft:picked_up":{"minecraft:feather":5,"minecraft:chicken":4,"minecraft:sweet_berries":35,"minecraft:torch":2,"minecraft:spruce_log":6,"scguns:powder_and_ball":1,"minecraft:wheat_seeds":1,"minecraft:spruce_planks":7,"betterbeginnings:rock_block":3,"minecraft:cobblestone":15,"minecraft:egg":1},"minecraft:mined":{"minecraft:spruce_planks":7,"minecraft:sweet_berry_bush":14,"minecraft:spruce_log":6,"minecraft:birch_leaves":1,"minecraft:torch":1,"minecraft:grass":4,"betterbeginnings:rock_block":3,"minecraft:cobblestone":16,"minecraft:wall_torch":1},"minecraft:custom":{"minecraft:time_since_rest":13479,"minecraft:blood":0,"minecraft:magic_shield":0,"minecraft:walk_one_cm":34574,"minecraft:sprint_one_cm":60390,"minecraft:damage_taken":252,"minecraft:damage_absorbed":87,"minecraft:mob_kills":4,"minecraft:drop":1,"minecraft:dexterity":5,"minecraft:intelligence":12,"minecraft:damage_dealt":149,"minecraft:health":95,"minecraft:move_speed":0,"minecraft:swim_one_cm":5074,"minecraft:interact_with_crafting_table":7,"minecraft:fly_one_cm":36839,"minecraft:player_kills":1,"minecraft:open_chest":1,"minecraft:crouch_one_cm":2405,"minecraft:play_time":13479,"minecraft:sneak_time":1169,"minecraft:walk_under_water_one_cm":1361,"minecraft:jump":206,"minecraft:energy":100,"minecraft:leave_game":1,"minecraft:time_since_death":13479,"minecraft:walk_on_water_one_cm":3425,"minecraft:strength":5,"minecraft:total_world_time":13479,"minecraft:fall_one_cm":4368,"minecraft:mana":170},"minecraft:killed":{"minecraft:chicken":4},"minecraft:crafted":{"minecraft:spruce_planks":24,"minecraft:stick":8,"minecraft:wooden_pickaxe":1,"minecraft:stone_pickaxe":1,"minecraft:stone_axe":1}},"DataVersion":3465}