{"stats":{"minecraft:dropped":{"minecraft:wheat_seeds":1},"minecraft:used":{"minecraft:wheat_seeds":2,"minecraft:stone_pickaxe":22,"minecraft:wooden_pickaxe":5,"minecraft:iron_sword":17,"minecraft:torch":3,"minecraft:dirt":8,"minecraft:stone_axe":27,"mmorpg:weapon/staff/wood":19,"minecraft:cobblestone":7,"minecraft:hay_block":3,"minecraft:sweet_berries":41,"minecraft:potato":4},"minecraft:picked_up":{"minecraft:wheat":1,"minecraft:feather":5,"minecraft:chicken":4,"minecraft:potato":18,"minecraft:gunpowder":1,"minecraft:dirt":9,"minecraft:string":2,"scguns:anthralite_nugget":2,"minecraft:raw_copper":16,"scguns:powder_and_ball":1,"minecraft:wheat_seeds":4,"minecraft:red_sand":1,"minecraft:spruce_planks":7,"betterbeginnings:rock_block":4,"minecraft:calcite":2,"scguns:ancient_brass":2,"minecraft:egg":1,"minecraft:stick":6,"minecraft:smooth_basalt":1,"minecraft:sweet_berries":59,"minecraft:torch":3,"minecraft:poisonous_potato":1,"mmorpg:skill_gems/support/int":1,"minecraft:spruce_log":6,"minecraft:rotten_flesh":9,"minecraft:iron_helmet":2,"minecraft:hay_block":4,"minecraft:crossbow":1,"minecraft:oak_sapling":2,"mmorpg:chest/uncommon_gear":1,"minecraft:cobblestone":15},"minecraft:mined":{"minecraft:spruce_planks":7,"minecraft:torch":2,"minecraft:red_sand":1,"betterbeginnings:rock_block":4,"minecraft:calcite":2,"minecraft:grass_block":3,"minecraft:copper_ore":4,"minecraft:cobblestone":16,"minecraft:wall_torch":1,"minecraft:large_fern":2,"minecraft:hay_block":4,"minecraft:wheat":1,"minecraft:sweet_berry_bush":26,"minecraft:spruce_log":6,"minecraft:birch_leaves":1,"minecraft:grass":4,"minecraft:potatoes":4,"minecraft:dirt_path":2,"minecraft:dirt":4,"minecraft:smooth_basalt":1,"minecraft:oak_leaves":18,"minecraft:fern":3},"minecraft:custom":{"minecraft:blood":0,"minecraft:mob_kills":19,"minecraft:dexterity":5,"minecraft:intelligence":12,"minecraft:move_speed":0,"minecraft:interact_with_crafting_table":7,"minecraft:leave_game":1,"minecraft:time_since_death":4561,"minecraft:levels_gained":3,"minecraft:mana":190,"minecraft:time_since_rest":4594,"minecraft:magic_shield":0,"minecraft:sprint_one_cm":164469,"minecraft:damage_absorbed":333,"minecraft:damage_taken":1022,"minecraft:walk_one_cm":105970,"minecraft:drop":1,"minecraft:damage_dealt":515,"minecraft:health":125,"minecraft:swim_one_cm":15657,"minecraft:talked_to_villager":2,"minecraft:fly_one_cm":132436,"minecraft:player_kills":1,"minecraft:open_chest":7,"minecraft:crouch_one_cm":5192,"minecraft:play_time":37479,"minecraft:deaths":1,"minecraft:sneak_time":4172,"minecraft:walk_under_water_one_cm":1988,"minecraft:jump":667,"minecraft:energy":120,"minecraft:walk_on_water_one_cm":5242,"minecraft:strength":7,"minecraft:total_world_time":37479,"minecraft:fall_one_cm":15139},"minecraft:killed":{"minecraft:spider":2,"minecraft:creeper":1,"scguns:redcoat":1,"scguns:cog_knight":1,"minecraft:zombie":9,"minecraft:chicken":4},"minecraft:killed_by":{"minecraft:spider":1},"minecraft:crafted":{"minecraft:spruce_planks":24,"minecraft:wooden_pickaxe":1,"minecraft:stone_axe":1,"minecraft:stick":8,"minecraft:stone_pickaxe":1}},"DataVersion":3465}