{"stats":{"minecraft:dropped":{"minecraft:iron_sword":1,"minecraft:wheat_seeds":2,"alexsmobs:animal_dictionary":1,"minecraft:raw_copper":16,"minecraft:poisonous_potato":1,"minecraft:crossbow":1,"minecraft:rotten_flesh":30,"minecraft:iron_boots":1,"mmorpg:weapon/staff/wood":1,"minecraft:stick":17,"minecraft:dirt":19,"minecraft:hay_block":1,"alexscaves:cave_book":1,"minecraft:gunpowder":1,"minecraft:spruce_planks":9,"minecraft:brown_wool":1,"minecraft:oak_sapling":2,"minecraft:red_sand":2,"minecraft:bow":1,"minecraft:wooden_pickaxe":2,"minecraft:calcite":4,"mmorpg:skill_gems/aura/str":1,"minecraft:netherrack":1,"minecraft:egg":1,"minecraft:smooth_basalt":2},"minecraft:used":{"minecraft:wheat_seeds":2,"minecraft:stone_pickaxe":23,"minecraft:wooden_pickaxe":5,"minecraft:iron_sword":17,"minecraft:white_wool":1,"minecraft:torch":3,"minecraft:dirt":17,"alexscaves:cave_book":1,"minecraft:oak_log":2,"minecraft:iron_helmet":3,"minecraft:stone_axe":35,"mmorpg:weapon/staff/wood":31,"minecraft:cobblestone":7,"minecraft:hay_block":4,"minecraft:sweet_berries":74,"minecraft:potato":19},"minecraft:picked_up":{"minecraft:leather_chestplate":3,"minecraft:wheat":4,"minecraft:feather":5,"minecraft:chicken":16,"minecraft:brown_wool":1,"minecraft:wooden_pickaxe":1,"minecraft:potato":27,"minecraft:oak_log":14,"minecraft:shield":2,"minecraft:gunpowder":2,"minecraft:dirt":42,"minecraft:string":21,"minecraft:raw_copper":16,"scguns:anthralite_nugget":4,"scguns:powder_and_ball":1,"mmorpg:jewel/dex":3,"minecraft:apple":6,"minecraft:bow":8,"minecraft:wheat_seeds":4,"minecraft:red_sand":2,"mmorpg:map":3,"minecraft:spruce_planks":63,"minecraft:beef":4,"minecraft:stone_pickaxe":3,"betterbeginnings:rock_block":38,"minecraft:calcite":4,"scguns:ancient_brass":10,"mmorpg:runes/mos":8,"minecraft:iron_sword":1,"minecraft:oak_planks":1,"minecraft:iron_boots":6,"minecraft:egg":1,"minecraft:stick":15,"minecraft:smooth_basalt":2,"minecraft:sweet_berries":59,"minecraft:copper_ingot":2,"minecraft:torch":3,"minecraft:poisonous_potato":1,"mmorpg:jewelry/necklace/iron":1,"mmorpg:weapon/staff/wood":8,"minecraft:spruce_log":6,"mmorpg:skill_gems/support/int":4,"mmorpg:runes/nos":12,"minecraft:spider_eye":2,"minecraft:tnt":12,"mmorpg:gems/ruby/0":4,"minecraft:rotten_flesh":32,"minecraft:stone_axe":4,"minecraft:hay_block":5,"minecraft:iron_helmet":15,"minecraft:crossbow":2,"iceandfire:raw_silver":2,"minecraft:emerald":16,"mmorpg:runes/ita":16,"mmorpg:offhand/dodge/iron":4,"minecraft:oak_sapling":2,"minecraft:netherrack":1,"mmorpg:chest/uncommon_gear":5,"minecraft:mutton":3,"minecraft:white_wool":1,"minecraft:cobblestone":15},"minecraft:broken":{"minecraft:leather_leggings":1},"minecraft:mined":{"minecraft:spruce_planks":7,"iceandfire:silver_ore":1,"minecraft:torch":2,"minecraft:red_sand":1,"betterbeginnings:rock_block":4,"minecraft:grass_block":11,"minecraft:calcite":2,"minecraft:copper_ore":4,"minecraft:cobblestone":16,"minecraft:oak_planks":1,"minecraft:wall_torch":1,"minecraft:large_fern":2,"minecraft:hay_block":5,"minecraft:wheat":1,"minecraft:sweet_berry_bush":28,"minecraft:spruce_log":6,"minecraft:birch_leaves":2,"minecraft:tnt":3,"minecraft:grass":4,"minecraft:potatoes":4,"minecraft:oak_log":6,"minecraft:dirt_path":2,"minecraft:gravel":1,"minecraft:dirt":7,"minecraft:smooth_basalt":1,"minecraft:oak_leaves":32,"minecraft:fern":3},"minecraft:custom":{"minecraft:blood":0,"minecraft:interact_with_furnace":1,"minecraft:mob_kills":63,"minecraft:dexterity":5,"minecraft:intelligence":28,"minecraft:move_speed":0,"minecraft:interact_with_crafting_table":9,"minecraft:open_barrel":2,"minecraft:bell_ring":1,"minecraft:leave_game":2,"minecraft:time_since_death":231,"minecraft:climb_one_cm":548,"minecraft:levels_gained":6,"minecraft:mana":380,"minecraft:time_since_rest":268,"minecraft:magic_shield":0,"minecraft:sprint_one_cm":296734,"minecraft:damage_absorbed":989,"minecraft:damage_taken":4387,"minecraft:walk_one_cm":250903,"minecraft:drop":57,"minecraft:damage_dealt":662,"minecraft:health":155,"minecraft:swim_one_cm":17552,"minecraft:talked_to_villager":2,"minecraft:fly_one_cm":346882,"minecraft:player_kills":1,"minecraft:open_chest":11,"minecraft:crouch_one_cm":13652,"minecraft:play_time":85408,"minecraft:deaths":6,"minecraft:sneak_time":8920,"minecraft:walk_under_water_one_cm":2673,"minecraft:energy":150,"minecraft:jump":1683,"minecraft:walk_on_water_one_cm":11945,"minecraft:strength":7,"minecraft:total_world_time":85408,"minecraft:fall_one_cm":50956},"minecraft:killed":{"minecraft:spider":9,"minecraft:creeper":5,"minecraft:sheep":2,"minecraft:skeleton":4,"scguns:redcoat":1,"scguns:cog_knight":1,"minecraft:zombie":36,"minecraft:chicken":4},"minecraft:killed_by":{"minecraft:skeleton":1,"minecraft:creeper":1,"minecraft:spider":1,"minecraft:zombie":3},"minecraft:crafted":{"minecraft:spruce_planks":24,"minecraft:wooden_pickaxe":1,"minecraft:stone_axe":1,"minecraft:stick":8,"minecraft:stone_pickaxe":1}},"DataVersion":3465}