{"stats":{"minecraft:used":{"minecraft:iron_shovel":20,"minecraft:chest":1,"minecraft:iron_sword":19,"minecraft:rotten_flesh":4,"minecraft:oak_door":2,"minecraft:torch":22,"minecraft:dirt":27,"minecraft:mutton":7,"minecraft:iron_axe":101,"minecraft:iron_helmet":4,"minecraft:beef":2,"minecraft:hay_block":4,"minecraft:sweet_berries":74,"minecraft:potato":19,"minecraft:wheat_seeds":2,"travelersbackpack:cow":1,"minecraft:stone_pickaxe":23,"minecraft:oak_planks":9,"minecraft:wooden_pickaxe":5,"minecraft:redstone_block":6,"minecraft:white_wool":2,"minecraft:crafting_table":2,"alexscaves:cave_book":1,"minecraft:oak_log":2,"minecraft:black_wool":1,"minecraft:iron_pickaxe":48,"minecraft:stone_axe":35,"mmorpg:weapon/staff/wood":91,"minecraft:cobblestone":7,"minecraft:porkchop":3,"alexscaves:nuclear_bomb":6,"minecraft:gray_wool":1},"minecraft:dropped":{"minecraft:iron_sword":1,"travelersbackpack:cow":1,"minecraft:wheat_seeds":3,"mmorpg:skill_gems/support/str":2,"minecraft:poisonous_potato":1,"minecraft:crossbow":1,"minecraft:cobblestone":1,"mmorpg:weapon/staff/wood":1,"minecraft:stick":17,"minecraft:dirt":19,"mmorpg:gems/emerald/0":1,"minecraft:brown_wool":1,"minecraft:iron_axe":2,"minecraft:smooth_basalt":2,"minecraft:cobbled_deepslate":1,"alexsmobs:animal_dictionary":1,"minecraft:raw_copper":16,"minecraft:deepslate":1,"minecraft:rotten_flesh":30,"minecraft:iron_boots":1,"minecraft:hay_block":1,"alexscaves:cave_book":1,"minecraft:gunpowder":1,"minecraft:peony":3,"minecraft:spruce_planks":9,"minecraft:oak_sapling":2,"minecraft:bow":1,"minecraft:red_sand":2,"minecraft:wooden_pickaxe":2,"minecraft:calcite":4,"minecraft:netherrack":1,"mmorpg:newbie_gear_bag":2,"mmorpg:skill_gems/aura/str":1,"minecraft:egg":1},"minecraft:picked_up":{"minecraft:crafting_table":1,"minecraft:iron_chestplate":2,"minecraft:wheat":4,"minecraft:chicken":16,"minecraft:wooden_pickaxe":1,"mmorpg:jewelry/ring/iron":3,"minecraft:shield":4,"minecraft:string":31,"minecraft:iron_axe":4,"minecraft:raw_copper":27,"minecraft:iron_leggings":7,"minecraft:iron_shovel":3,"mmorpg:jewel/dex":3,"minecraft:cobbled_deepslate":2,"minecraft:red_sand":2,"mmorpg:map":3,"mmorpg:gems/tourmaline/0":2,"minecraft:spruce_planks":63,"betterbeginnings:rock_block":48,"minecraft:beef":6,"minecraft:iron_pickaxe":2,"minecraft:calcite":4,"scguns:ancient_brass":11,"minecraft:poppy":6,"mmorpg:runes/mos":8,"minecraft:iron_boots":10,"minecraft:egg":1,"minecraft:raw_iron":6,"mmorpg:gems/emerald/0":3,"minecraft:stick":16,"minecraft:oak_door":5,"minecraft:copper_ingot":2,"mmorpg:newbie_gear_bag":2,"minecraft:torch":15,"minecraft:porkchop":3,"mmorpg:jewelry/necklace/iron":3,"mmorpg:skill_gems/support/int":7,"minecraft:redstone":36,"mmorpg:runes/nos":12,"minecraft:tnt":12,"minecraft:arrow":11,"minecraft:rotten_flesh":113,"minecraft:peony":3,"minecraft:hay_block":5,"mmorpg:runes/ita":16,"minecraft:mutton":10,"minecraft:white_wool":4,"minecraft:cobblestone":19,"minecraft:leather_chestplate":3,"minecraft:feather":5,"minecraft:leather":1,"minecraft:brown_wool":1,"minecraft:potato":27,"alexsmobs:bison_fur":2,"scguns:phosphorite":15,"minecraft:oak_log":26,"mmorpg:currency/map_rarity_upgrade":1,"minecraft:gunpowder":9,"minecraft:dirt":57,"scguns:anthralite_nugget":10,"scguns:powder_and_ball":1,"minecraft:bone":12,"travelersbackpack:cow":3,"minecraft:apple":6,"minecraft:bow":20,"minecraft:wheat_seeds":10,"minecraft:iron_ingot":6,"minecraft:stone_pickaxe":3,"scguns:sulfur_chunk":10,"minecraft:oak_planks":19,"minecraft:iron_sword":3,"mmorpg:skill_gems/support/str":11,"minecraft:smooth_basalt":2,"minecraft:sweet_berries":59,"minecraft:poisonous_potato":1,"mmorpg:weapon/staff/wood":25,"minecraft:spruce_log":7,"minecraft:spider_eye":2,"minecraft:diamond":4,"minecraft:stone_axe":4,"mmorpg:gems/ruby/0":4,"minecraft:iron_helmet":22,"minecraft:crossbow":12,"minecraft:black_wool":2,"minecraft:gray_wool":1,"minecraft:emerald":16,"minecraft:coal":21,"alexsmobs:maggot":15,"minecraft:oak_sapling":2,"minecraft:netherrack":1,"mmorpg:chest/uncommon_gear":5,"mmorpg:offhand/dodge/iron":4,"iceandfire:raw_silver":4},"minecraft:broken":{"minecraft:leather_leggings":1,"minecraft:iron_chestplate":1,"minecraft:iron_helmet":1},"minecraft:mined":{"minecraft:spruce_planks":7,"iceandfire:silver_ore":3,"minecraft:deepslate_diamond_ore":4,"minecraft:oak_door":2,"minecraft:red_sand":1,"minecraft:grass_block":24,"minecraft:large_fern":2,"minecraft:hay_block":5,"minecraft:potatoes":4,"minecraft:deepslate_iron_ore":3,"minecraft:dirt_path":2,"scguns:phosphorite":5,"scguns:deepslate_sulfur_ore":4,"minecraft:stone":3,"minecraft:deepslate_redstone_ore":2,"minecraft:crafting_table":1,"minecraft:torch":3,"betterbeginnings:rock_block":16,"minecraft:calcite":2,"minecraft:tall_grass":21,"minecraft:cobblestone":16,"minecraft:copper_ore":7,"minecraft:oak_planks":7,"minecraft:wall_torch":3,"minecraft:sweet_berry_bush":28,"minecraft:wheat":1,"minecraft:spruce_log":6,"minecraft:birch_leaves":2,"minecraft:tnt":3,"minecraft:black_wool":1,"minecraft:grass":19,"minecraft:coal_ore":21,"minecraft:oak_log":19,"minecraft:dirt":9,"minecraft:gravel":1,"minecraft:smooth_basalt":1,"minecraft:deepslate":1,"minecraft:oak_leaves":35,"minecraft:fern":3},"minecraft:custom":{"minecraft:blood":0,"minecraft:mob_kills":231,"minecraft:dexterity":11,"minecraft:interact_with_crafting_table":14,"minecraft:open_barrel":2,"minecraft:bell_ring":1,"minecraft:leave_game":3,"minecraft:time_since_death":2291,"minecraft:climb_one_cm":645,"minecraft:mana":100,"minecraft:magic_shield":0,"minecraft:sprint_one_cm":455350,"minecraft:walk_one_cm":508335,"minecraft:drop":72,"minecraft:health":97,"minecraft:talked_to_villager":2,"minecraft:play_time":202675,"minecraft:deaths":16,"minecraft:sneak_time":15588,"minecraft:walk_under_water_one_cm":12107,"minecraft:jump":3354,"minecraft:energy":160,"minecraft:walk_on_water_one_cm":23220,"minecraft:total_world_time":202675,"minecraft:interact_with_furnace":1,"minecraft:intelligence":5,"minecraft:move_speed":0,"minecraft:levels_gained":1,"minecraft:time_since_rest":2318,"minecraft:damage_taken":15417,"minecraft:damage_absorbed":8311,"minecraft:damage_dealt":1692,"minecraft:swim_one_cm":31738,"minecraft:fly_one_cm":1001241,"minecraft:player_kills":2,"minecraft:open_chest":27,"minecraft:crouch_one_cm":24987,"minecraft:strength":5,"minecraft:fall_one_cm":97916},"minecraft:killed":{"scguns:swarm":1,"minecraft:spider":18,"minecraft:skeleton":14,"scguns:redcoat":4,"scguns:cog_knight":3,"minecraft:chicken":4,"alexsmobs:bison":1,"mofus_better_end_:small_end_guardian":56,"minecraft:pig":3,"minecraft:zombie_villager":1,"minecraft:iron_golem":1,"minecraft:bat":1,"minecraft:creeper":17,"minecraft:sheep":7,"minecraft:zombie":92,"alexsmobs:fly":1,"scguns:hive":1,"minecraft:cow":2},"minecraft:killed_by":{"minecraft:creeper":1,"minecraft:spider":1,"minecraft:skeleton":1,"minecraft:zombie":6,"scguns:swarm":1},"minecraft:crafted":{"minecraft:oak_planks":20,"minecraft:iron_axe":1,"minecraft:stone_pickaxe":1,"minecraft:chest":1,"minecraft:crafting_table":1,"minecraft:spruce_planks":24,"minecraft:wooden_pickaxe":1,"minecraft:stone_axe":1,"minecraft:stick":16,"minecraft:iron_pickaxe":1,"minecraft:torch":24}},"DataVersion":3465}