{"stats":{"minecraft:used":{"minecraft:iron_shovel":17,"minecraft:iron_sword":17,"minecraft:rotten_flesh":4,"minecraft:oak_door":2,"minecraft:torch":22,"minecraft:dirt":27,"minecraft:mutton":5,"minecraft:iron_axe":11,"minecraft:iron_helmet":4,"minecraft:beef":2,"minecraft:hay_block":4,"minecraft:sweet_berries":74,"minecraft:potato":19,"minecraft:wheat_seeds":2,"travelersbackpack:cow":1,"minecraft:stone_pickaxe":23,"minecraft:oak_planks":4,"minecraft:wooden_pickaxe":5,"minecraft:white_wool":1,"minecraft:crafting_table":1,"alexscaves:cave_book":1,"minecraft:oak_log":2,"minecraft:iron_pickaxe":43,"minecraft:stone_axe":35,"mmorpg:weapon/staff/wood":42,"minecraft:cobblestone":7,"minecraft:porkchop":3},"minecraft:dropped":{"minecraft:iron_sword":1,"travelersbackpack:cow":1,"minecraft:wheat_seeds":2,"minecraft:poisonous_potato":1,"minecraft:crossbow":1,"mmorpg:weapon/staff/wood":1,"minecraft:stick":17,"minecraft:dirt":19,"minecraft:brown_wool":1,"minecraft:smooth_basalt":2,"alexsmobs:animal_dictionary":1,"minecraft:raw_copper":16,"minecraft:rotten_flesh":30,"minecraft:iron_boots":1,"minecraft:hay_block":1,"alexscaves:cave_book":1,"minecraft:gunpowder":1,"minecraft:peony":3,"minecraft:spruce_planks":9,"minecraft:oak_sapling":2,"minecraft:bow":1,"minecraft:red_sand":2,"minecraft:wooden_pickaxe":2,"minecraft:calcite":4,"minecraft:netherrack":1,"mmorpg:newbie_gear_bag":1,"mmorpg:skill_gems/aura/str":1,"minecraft:egg":1},"minecraft:picked_up":{"minecraft:crafting_table":1,"minecraft:iron_chestplate":1,"minecraft:wheat":4,"minecraft:chicken":16,"minecraft:wooden_pickaxe":1,"minecraft:shield":2,"minecraft:string":31,"minecraft:raw_copper":27,"minecraft:iron_leggings":3,"minecraft:iron_shovel":1,"mmorpg:jewel/dex":3,"minecraft:red_sand":2,"mmorpg:map":3,"mmorpg:gems/tourmaline/0":1,"minecraft:spruce_planks":63,"betterbeginnings:rock_block":43,"minecraft:beef":6,"minecraft:calcite":4,"scguns:ancient_brass":11,"minecraft:poppy":2,"mmorpg:runes/mos":8,"minecraft:iron_boots":6,"minecraft:egg":1,"minecraft:raw_iron":3,"mmorpg:gems/emerald/0":1,"minecraft:stick":15,"minecraft:oak_door":3,"minecraft:copper_ingot":2,"mmorpg:newbie_gear_bag":2,"minecraft:torch":6,"minecraft:porkchop":3,"mmorpg:jewelry/necklace/iron":1,"mmorpg:skill_gems/support/int":5,"minecraft:redstone":9,"mmorpg:runes/nos":12,"minecraft:tnt":12,"minecraft:arrow":11,"minecraft:rotten_flesh":68,"minecraft:peony":3,"minecraft:hay_block":5,"mmorpg:runes/ita":16,"minecraft:mutton":8,"minecraft:white_wool":3,"minecraft:cobblestone":18,"minecraft:leather_chestplate":3,"minecraft:feather":5,"minecraft:leather":1,"minecraft:brown_wool":1,"minecraft:potato":27,"alexsmobs:bison_fur":1,"scguns:phosphorite":5,"minecraft:oak_log":19,"mmorpg:currency/map_rarity_upgrade":1,"minecraft:gunpowder":9,"minecraft:dirt":55,"scguns:anthralite_nugget":7,"scguns:powder_and_ball":1,"minecraft:bone":12,"travelersbackpack:cow":2,"minecraft:apple":6,"minecraft:bow":12,"minecraft:wheat_seeds":5,"minecraft:iron_ingot":6,"minecraft:stone_pickaxe":3,"scguns:sulfur_chunk":10,"minecraft:oak_planks":7,"minecraft:iron_sword":3,"mmorpg:skill_gems/support/str":1,"minecraft:smooth_basalt":2,"minecraft:sweet_berries":59,"minecraft:poisonous_potato":1,"mmorpg:weapon/staff/wood":12,"minecraft:spruce_log":6,"minecraft:spider_eye":2,"minecraft:diamond":4,"minecraft:stone_axe":4,"mmorpg:gems/ruby/0":4,"minecraft:iron_helmet":17,"minecraft:crossbow":2,"minecraft:gray_wool":1,"minecraft:emerald":16,"minecraft:coal":17,"alexsmobs:maggot":5,"minecraft:oak_sapling":2,"minecraft:netherrack":1,"mmorpg:chest/uncommon_gear":5,"mmorpg:offhand/dodge/iron":4,"iceandfire:raw_silver":4},"minecraft:broken":{"minecraft:leather_leggings":1},"minecraft:mined":{"minecraft:spruce_planks":7,"iceandfire:silver_ore":3,"minecraft:deepslate_diamond_ore":4,"minecraft:oak_door":2,"minecraft:red_sand":1,"minecraft:grass_block":24,"minecraft:large_fern":2,"minecraft:hay_block":5,"minecraft:potatoes":4,"minecraft:deepslate_iron_ore":3,"minecraft:dirt_path":2,"scguns:phosphorite":5,"scguns:deepslate_sulfur_ore":4,"minecraft:stone":3,"minecraft:deepslate_redstone_ore":2,"minecraft:crafting_table":1,"minecraft:torch":3,"betterbeginnings:rock_block":9,"minecraft:calcite":2,"minecraft:tall_grass":3,"minecraft:cobblestone":16,"minecraft:copper_ore":7,"minecraft:oak_planks":7,"minecraft:wall_torch":3,"minecraft:sweet_berry_bush":28,"minecraft:wheat":1,"minecraft:spruce_log":6,"minecraft:birch_leaves":2,"minecraft:tnt":3,"minecraft:grass":12,"minecraft:coal_ore":17,"minecraft:oak_log":12,"minecraft:dirt":8,"minecraft:gravel":1,"minecraft:smooth_basalt":1,"minecraft:oak_leaves":32,"minecraft:fern":3},"minecraft:custom":{"minecraft:blood":0,"minecraft:mob_kills":177,"minecraft:dexterity":9,"minecraft:interact_with_crafting_table":12,"minecraft:open_barrel":2,"minecraft:bell_ring":1,"minecraft:leave_game":2,"minecraft:time_since_death":47323,"minecraft:climb_one_cm":635,"minecraft:mana":467,"minecraft:magic_shield":5,"minecraft:sprint_one_cm":419250,"minecraft:walk_one_cm":399793,"minecraft:drop":62,"minecraft:health":205,"minecraft:talked_to_villager":2,"minecraft:play_time":133408,"minecraft:deaths":8,"minecraft:sneak_time":12405,"minecraft:walk_under_water_one_cm":7313,"minecraft:jump":2809,"minecraft:energy":220,"minecraft:walk_on_water_one_cm":23001,"minecraft:total_world_time":133408,"minecraft:interact_with_furnace":1,"minecraft:intelligence":28,"minecraft:move_speed":0,"minecraft:levels_gained":9,"minecraft:time_since_rest":47332,"minecraft:damage_taken":5922,"minecraft:damage_absorbed":2738,"minecraft:damage_dealt":798,"minecraft:swim_one_cm":19503,"minecraft:fly_one_cm":556159,"minecraft:player_kills":1,"minecraft:open_chest":14,"minecraft:crouch_one_cm":18719,"minecraft:strength":9,"minecraft:fall_one_cm":79699},"minecraft:killed":{"scguns:swarm":1,"minecraft:spider":17,"minecraft:skeleton":13,"scguns:redcoat":3,"scguns:cog_knight":3,"minecraft:chicken":4,"alexsmobs:bison":1,"mofus_better_end_:small_end_guardian":16,"minecraft:pig":3,"minecraft:zombie_villager":1,"minecraft:iron_golem":1,"minecraft:creeper":17,"minecraft:sheep":5,"minecraft:zombie":84,"alexsmobs:fly":1,"scguns:hive":1,"minecraft:cow":2},"minecraft:killed_by":{"minecraft:creeper":1,"minecraft:spider":1,"minecraft:skeleton":1,"minecraft:zombie":3},"minecraft:crafted":{"minecraft:oak_planks":20,"minecraft:iron_axe":1,"minecraft:stone_pickaxe":1,"minecraft:crafting_table":1,"minecraft:spruce_planks":24,"minecraft:wooden_pickaxe":1,"minecraft:stone_axe":1,"minecraft:stick":16,"minecraft:iron_pickaxe":1,"minecraft:torch":24}},"DataVersion":3465}