{"stats":{"minecraft:dropped":{"minecraft:iron_sword":1,"minecraft:wheat_seeds":2,"alexsmobs:animal_dictionary":1,"minecraft:poisonous_potato":1,"minecraft:crossbow":1,"minecraft:rotten_flesh":24,"minecraft:iron_boots":1,"mmorpg:weapon/staff/wood":1,"minecraft:stick":1,"minecraft:dirt":19,"minecraft:gunpowder":1,"minecraft:spruce_planks":9,"minecraft:brown_wool":1,"minecraft:oak_sapling":2,"minecraft:red_sand":2,"minecraft:bow":1,"minecraft:wooden_pickaxe":2,"minecraft:calcite":4,"minecraft:netherrack":1,"minecraft:egg":1,"minecraft:smooth_basalt":2},"minecraft:used":{"minecraft:wheat_seeds":2,"minecraft:stone_pickaxe":22,"minecraft:wooden_pickaxe":5,"minecraft:iron_sword":17,"minecraft:white_wool":1,"minecraft:torch":3,"minecraft:dirt":15,"minecraft:stone_axe":30,"mmorpg:weapon/staff/wood":31,"minecraft:cobblestone":7,"minecraft:hay_block":4,"minecraft:sweet_berries":74,"minecraft:potato":19},"minecraft:picked_up":{"minecraft:wheat":1,"minecraft:feather":5,"minecraft:chicken":4,"minecraft:brown_wool":1,"minecraft:wooden_pickaxe":1,"minecraft:potato":18,"minecraft:shield":1,"minecraft:gunpowder":1,"minecraft:dirt":35,"minecraft:string":7,"minecraft:raw_copper":16,"scguns:anthralite_nugget":2,"scguns:powder_and_ball":1,"minecraft:bow":2,"minecraft:wheat_seeds":4,"minecraft:red_sand":2,"minecraft:spruce_planks":7,"betterbeginnings:rock_block":10,"minecraft:calcite":4,"scguns:ancient_brass":2,"mmorpg:runes/mos":2,"minecraft:oak_planks":1,"minecraft:iron_boots":2,"minecraft:egg":1,"minecraft:stick":15,"minecraft:smooth_basalt":2,"minecraft:sweet_berries":59,"minecraft:torch":3,"minecraft:poisonous_potato":1,"mmorpg:weapon/staff/wood":1,"minecraft:spruce_log":6,"mmorpg:skill_gems/support/int":1,"minecraft:tnt":3,"minecraft:rotten_flesh":30,"minecraft:hay_block":5,"minecraft:iron_helmet":2,"minecraft:crossbow":1,"mmorpg:runes/ita":4,"minecraft:oak_sapling":2,"minecraft:netherrack":1,"mmorpg:chest/uncommon_gear":1,"minecraft:mutton":3,"minecraft:white_wool":1,"minecraft:cobblestone":15},"minecraft:mined":{"minecraft:spruce_planks":7,"minecraft:torch":2,"minecraft:red_sand":1,"betterbeginnings:rock_block":4,"minecraft:grass_block":11,"minecraft:calcite":2,"minecraft:copper_ore":4,"minecraft:cobblestone":16,"minecraft:oak_planks":1,"minecraft:wall_torch":1,"minecraft:large_fern":2,"minecraft:hay_block":5,"minecraft:wheat":1,"minecraft:sweet_berry_bush":28,"minecraft:spruce_log":6,"minecraft:birch_leaves":2,"minecraft:tnt":3,"minecraft:grass":4,"minecraft:potatoes":4,"minecraft:oak_log":1,"minecraft:dirt_path":2,"minecraft:gravel":1,"minecraft:dirt":4,"minecraft:smooth_basalt":1,"minecraft:oak_leaves":32,"minecraft:fern":3},"minecraft:custom":{"minecraft:blood":0,"minecraft:interact_with_furnace":1,"minecraft:mob_kills":59,"minecraft:dexterity":5,"minecraft:intelligence":28,"minecraft:move_speed":0,"minecraft:interact_with_crafting_table":7,"minecraft:open_barrel":1,"minecraft:bell_ring":1,"minecraft:leave_game":2,"minecraft:time_since_death":40490,"minecraft:levels_gained":5,"minecraft:mana":370,"minecraft:time_since_rest":40523,"minecraft:magic_shield":0,"minecraft:sprint_one_cm":266102,"minecraft:damage_absorbed":875,"minecraft:damage_taken":2633,"minecraft:walk_one_cm":221001,"minecraft:drop":36,"minecraft:damage_dealt":653,"minecraft:health":145,"minecraft:swim_one_cm":17100,"minecraft:talked_to_villager":2,"minecraft:fly_one_cm":300105,"minecraft:player_kills":1,"minecraft:open_chest":11,"minecraft:crouch_one_cm":10974,"minecraft:play_time":73408,"minecraft:deaths":1,"minecraft:sneak_time":7795,"minecraft:walk_under_water_one_cm":2634,"minecraft:energy":140,"minecraft:jump":1500,"minecraft:walk_on_water_one_cm":11083,"minecraft:strength":7,"minecraft:total_world_time":73408,"minecraft:fall_one_cm":42272},"minecraft:killed":{"minecraft:spider":7,"minecraft:creeper":4,"minecraft:sheep":2,"minecraft:skeleton":4,"scguns:redcoat":1,"scguns:cog_knight":1,"minecraft:zombie":35,"minecraft:chicken":4},"minecraft:killed_by":{"minecraft:spider":1},"minecraft:crafted":{"minecraft:spruce_planks":24,"minecraft:wooden_pickaxe":1,"minecraft:stone_axe":1,"minecraft:stick":8,"minecraft:stone_pickaxe":1}},"DataVersion":3465}