{"stats":{"minecraft:dropped":{"minecraft:wheat_seeds":1},"minecraft:used":{"minecraft:wheat_seeds":2,"minecraft:stone_pickaxe":19,"minecraft:wooden_pickaxe":5,"minecraft:iron_sword":10,"minecraft:torch":1,"minecraft:dirt":8,"minecraft:stone_axe":27,"minecraft:sweet_berries":28,"minecraft:potato":4},"minecraft:picked_up":{"minecraft:wheat":1,"minecraft:feather":5,"minecraft:chicken":4,"minecraft:potato":18,"minecraft:gunpowder":1,"minecraft:dirt":8,"minecraft:string":2,"scguns:anthralite_nugget":2,"minecraft:raw_copper":16,"scguns:powder_and_ball":1,"minecraft:wheat_seeds":4,"minecraft:spruce_planks":7,"betterbeginnings:rock_block":4,"scguns:ancient_brass":2,"minecraft:egg":1,"minecraft:stick":6,"minecraft:sweet_berries":59,"minecraft:torch":2,"minecraft:poisonous_potato":1,"minecraft:spruce_log":6,"minecraft:rotten_flesh":3,"minecraft:iron_helmet":1,"minecraft:hay_block":1,"minecraft:oak_sapling":2,"minecraft:cobblestone":15},"minecraft:mined":{"minecraft:spruce_planks":7,"minecraft:torch":1,"betterbeginnings:rock_block":4,"minecraft:grass_block":2,"minecraft:copper_ore":4,"minecraft:cobblestone":16,"minecraft:wall_torch":1,"minecraft:large_fern":2,"minecraft:hay_block":1,"minecraft:wheat":1,"minecraft:sweet_berry_bush":26,"minecraft:spruce_log":6,"minecraft:birch_leaves":1,"minecraft:grass":4,"minecraft:potatoes":4,"minecraft:dirt_path":2,"minecraft:dirt":4,"minecraft:oak_leaves":18,"minecraft:fern":3},"minecraft:custom":{"minecraft:blood":0,"minecraft:mob_kills":10,"minecraft:dexterity":5,"minecraft:intelligence":12,"minecraft:move_speed":0,"minecraft:interact_with_crafting_table":7,"minecraft:leave_game":1,"minecraft:time_since_death":25479,"minecraft:levels_gained":2,"minecraft:mana":180,"minecraft:time_since_rest":25479,"minecraft:magic_shield":0,"minecraft:sprint_one_cm":106055,"minecraft:damage_absorbed":109,"minecraft:damage_taken":404,"minecraft:walk_one_cm":74938,"minecraft:drop":1,"minecraft:damage_dealt":149,"minecraft:health":105,"minecraft:swim_one_cm":5074,"minecraft:talked_to_villager":2,"minecraft:fly_one_cm":70965,"minecraft:player_kills":1,"minecraft:open_chest":7,"minecraft:crouch_one_cm":4760,"minecraft:play_time":25479,"minecraft:sneak_time":3294,"minecraft:walk_under_water_one_cm":1361,"minecraft:jump":396,"minecraft:energy":110,"minecraft:walk_on_water_one_cm":3425,"minecraft:strength":5,"minecraft:total_world_time":25479,"minecraft:fall_one_cm":7234},"minecraft:killed":{"minecraft:spider":2,"minecraft:creeper":1,"scguns:cog_knight":1,"minecraft:zombie":2,"minecraft:chicken":4},"minecraft:crafted":{"minecraft:spruce_planks":24,"minecraft:wooden_pickaxe":1,"minecraft:stone_axe":1,"minecraft:stick":8,"minecraft:stone_pickaxe":1}},"DataVersion":3465}