{"stats":{"minecraft:crafted":{"biomesoplenty:fir_planks":12,"minecraft:crafting_table":2,"minecraft:spruce_planks":16,"minecraft:stick":12,"minecraft:wooden_pickaxe":1,"minecraft:stone_pickaxe":1,"minecraft:wooden_axe":1,"minecraft:stone_axe":1},"minecraft:dropped":{"minecraft:stone_pickaxe":2},"minecraft:killed_by":{"minecraft:player":1},"minecraft:picked_up":{"minecraft:raw_iron":1,"minecraft:stick":1,"minecraft:crafting_table":2,"minecraft:iron_chestplate":1,"minecraft:wooden_pickaxe":1,"biomesoplenty:fir_log":4,"minecraft:spruce_log":4,"minecraft:dirt":8,"minecraft:cornflower":1,"minecraft:blue_bed":1,"iceandfire:dragon_flute":1,"minecraft:arrow":2,"minecraft:stone_pickaxe":2,"unusualprehistory:encyclopedia":1,"minecraft:cobblestone":52},"minecraft:mined":{"minecraft:iron_ore":3,"minecraft:spruce_log":4,"minecraft:cornflower":1,"biomesoplenty:fir_log":4,"minecraft:crafting_table":2,"minecraft:grass":5,"minecraft:grass_block":7,"minecraft:dirt":8,"minecraft:stone":50,"minecraft:blue_bed":1},"minecraft:used":{"minecraft:wooden_axe":6,"minecraft:stone_pickaxe":40,"minecraft:wooden_pickaxe":13,"minecraft:blue_bed":1,"minecraft:iron_chestplate":1,"minecraft:dirt":7,"minecraft:spyglass":40,"unusualprehistory:encyclopedia":1,"minecraft:crafting_table":4,"alexsmobs:animal_dictionary":1,"biomesoplenty:fir_log":1},"minecraft:custom":{"minecraft:time_since_rest":23346,"minecraft:sprint_one_cm":18897,"minecraft:interact_with_furnace":1,"minecraft:damage_taken":585,"minecraft:walk_one_cm":35545,"minecraft:drop":2,"minecraft:interact_with_crafting_table":4,"minecraft:fly_one_cm":48082,"minecraft:open_chest":6,"minecraft:play_time":31011,"minecraft:deaths":1,"minecraft:jump":188,"minecraft:leave_game":1,"minecraft:time_since_death":6138,"minecraft:walk_on_water_one_cm":238,"minecraft:total_world_time":31011,"minecraft:climb_one_cm":1391,"minecraft:fall_one_cm":2347}},"DataVersion":3120}